Module,/veins_fg/examples/Examples_Veins_fg/Prj_Part1_propag/OLSR/results/OLSR-ETX-FS-20-0.sca_OLSR-ETX-FS-20-0-20150527-12:16:46-6808_endToEndDelay:histogram:mean,/veins_fg/examples/Examples_Veins_fg/Prj_Part1_propag/OLSR/results/OLSR-ETX-FS-20-1.sca_OLSR-ETX-FS-20-1-20150527-12:16:46-6807_endToEndDelay:histogram:mean,/veins_fg/examples/Examples_Veins_fg/Prj_Part1_propag/OLSR/results/OLSR-ETX-FS-20-2.sca_OLSR-ETX-FS-20-2-20150527-12:16:46-6809_endToEndDelay:histogram:mean,/veins_fg/examples/Examples_Veins_fg/Prj_Part1_propag/OLSR/results/OLSR-ETX-FS-20-3.sca_OLSR-ETX-FS-20-3-20150527-12:16:46-6810_endToEndDelay:histogram:mean,/veins_fg/examples/Examples_Veins_fg/Prj_Part1_propag/OLSR/results/OLSR-ETX-FS-20-4.sca_OLSR-ETX-FS-20-4-20150527-12:16:46-6811_endToEndDelay:histogram:mean,/veins_fg/examples/Examples_Veins_fg/Prj_Part1_propag/OLSR/results/OLSR-ETX-FS-20-5.sca_OLSR-ETX-FS-20-5-20150527-12:24:26-7080_endToEndDelay:histogram:mean,/veins_fg/examples/Examples_Veins_fg/Prj_Part1_propag/OLSR/results/OLSR-ETX-FS-20-6.sca_OLSR-ETX-FS-20-6-20150527-12:24:38-7093_endToEndDelay:histogram:mean,/veins_fg/examples/Examples_Veins_fg/Prj_Part1_propag/OLSR/results/OLSR-ETX-FS-20-7.sca_OLSR-ETX-FS-20-7-20150527-12:24:58-7111_endToEndDelay:histogram:mean,/veins_fg/examples/Examples_Veins_fg/Prj_Part1_propag/OLSR/results/OLSR-ETX-FS-20-8.sca_OLSR-ETX-FS-20-8-20150527-12:25:01-7123_endToEndDelay:histogram:mean,/veins_fg/examples/Examples_Veins_fg/Prj_Part1_propag/OLSR/results/OLSR-ETX-FS-20-9.sca_OLSR-ETX-FS-20-9-20150527-12:25:33-7153_endToEndDelay:histogram:mean,/veins_fg/examples/Examples_Veins_fg/Prj_Part1_propag/OLSR/results/OLSR-ETX-FS-20-10.sca_OLSR-ETX-FS-20-10-20150527-12:31:23-7262_endToEndDelay:histogram:mean,/veins_fg/examples/Examples_Veins_fg/Prj_Part1_propag/OLSR/results/OLSR-ETX-FS-20-11.sca_OLSR-ETX-FS-20-11-20150527-12:31:52-7279_endToEndDelay:histogram:mean,/veins_fg/examples/Examples_Veins_fg/Prj_Part1_propag/OLSR/results/OLSR-ETX-FS-20-12.sca_OLSR-ETX-FS-20-12-20150527-12:32:20-7296_endToEndDelay:histogram:mean,/veins_fg/examples/Examples_Veins_fg/Prj_Part1_propag/OLSR/results/OLSR-ETX-FS-20-13.sca_OLSR-ETX-FS-20-13-20150527-12:32:38-7310_endToEndDelay:histogram:mean,/veins_fg/examples/Examples_Veins_fg/Prj_Part1_propag/OLSR/results/OLSR-ETX-FS-20-14.sca_OLSR-ETX-FS-20-14-20150527-12:32:58-7324_endToEndDelay:histogram:mean,/veins_fg/examples/Examples_Veins_fg/Prj_Part1_propag/OLSR/results/OLSR-ETX-FS-20-15.sca_OLSR-ETX-FS-20-15-20150527-12:38:01-7442_endToEndDelay:histogram:mean,/veins_fg/examples/Examples_Veins_fg/Prj_Part1_propag/OLSR/results/OLSR-ETX-FS-20-16.sca_OLSR-ETX-FS-20-16-20150527-12:38:23-7472_endToEndDelay:histogram:mean,/veins_fg/examples/Examples_Veins_fg/Prj_Part1_propag/OLSR/results/OLSR-ETX-FS-20-17.sca_OLSR-ETX-FS-20-17-20150527-12:39:24-7492_endToEndDelay:histogram:mean,/veins_fg/examples/Examples_Veins_fg/Prj_Part1_propag/OLSR/results/OLSR-ETX-FS-20-18.sca_OLSR-ETX-FS-20-18-20150527-12:39:26-7503_endToEndDelay:histogram:mean,/veins_fg/examples/Examples_Veins_fg/Prj_Part1_propag/OLSR/results/OLSR-ETX-FS-20-19.sca_OLSR-ETX-FS-20-19-20150527-12:39:36-7516_endToEndDelay:histogram:mean,/veins_fg/examples/Examples_Veins_fg/Prj_Part1_propag/OLSR/results/OLSR-ETX-FS-20-20.sca_OLSR-ETX-FS-20-20-20150527-12:44:48-7617_endToEndDelay:histogram:mean,/veins_fg/examples/Examples_Veins_fg/Prj_Part1_propag/OLSR/results/OLSR-ETX-FS-20-21.sca_OLSR-ETX-FS-20-21-20150527-12:45:06-7633_endToEndDelay:histogram:mean,/veins_fg/examples/Examples_Veins_fg/Prj_Part1_propag/OLSR/results/OLSR-ETX-FS-20-22.sca_OLSR-ETX-FS-20-22-20150527-12:46:18-7659_endToEndDelay:histogram:mean,/veins_fg/examples/Examples_Veins_fg/Prj_Part1_propag/OLSR/results/OLSR-ETX-FS-20-23.sca_OLSR-ETX-FS-20-23-20150527-12:46:19-7671_endToEndDelay:histogram:mean,/veins_fg/examples/Examples_Veins_fg/Prj_Part1_propag/OLSR/results/OLSR-ETX-FS-20-24.sca_OLSR-ETX-FS-20-24-20150527-12:46:24-7683_endToEndDelay:histogram:mean,/veins_fg/examples/Examples_Veins_fg/Prj_Part1_propag/OLSR/results/OLSR-ETX-FS-20-25.sca_OLSR-ETX-FS-20-25-20150527-12:51:41-8028_endToEndDelay:histogram:mean,/veins_fg/examples/Examples_Veins_fg/Prj_Part1_propag/OLSR/results/OLSR-ETX-FS-20-26.sca_OLSR-ETX-FS-20-26-20150527-12:51:44-8041_endToEndDelay:histogram:mean,/veins_fg/examples/Examples_Veins_fg/Prj_Part1_propag/OLSR/results/OLSR-ETX-FS-20-27.sca_OLSR-ETX-FS-20-27-20150527-12:52:47-8068_endToEndDelay:histogram:mean,/veins_fg/examples/Examples_Veins_fg/Prj_Part1_propag/OLSR/results/OLSR-ETX-FS-20-28.sca_OLSR-ETX-FS-20-28-20150527-12:53:03-8083_endToEndDelay:histogram:mean,/veins_fg/examples/Examples_Veins_fg/Prj_Part1_propag/OLSR/results/OLSR-ETX-FS-20-29.sca_OLSR-ETX-FS-20-29-20150527-12:53:35-8114_endToEndDelay:histogram:mean
scenarioPRJP1.node[9].app,0.0139916,0.0123874,0.0136251,0.0126719,0.00427665,0.0147447,0.00647701,0.0239902,0.0249599,0.00760755,0.0134209,0.011798,0.00633822,0.0131422,0.0073398,0.0109698,0.00587225,0.00751426,0.00457186,0.0219714,0.01635,0.0048467,0.0117133,0.0157709,0.0186439,0.0105115,0.00653094,0.0132362,0.0155938,0.00897492
scenarioPRJP1.node[5].app,0.0168503,0.011436,0.00467723,0.00627834,0.00764712,0.0168742,0.00575722,0.00842173,0.0102667,0.00483436,0.0101336,0.0109798,0.00895468,0.00505983,0.0098603,0.00330485,0.0143346,0.00357776,0.0117157,0.0091768,0.0058428,0.00920634,0.0208977,0.00656636,0.011824,0.00430206,0.00915429,0.00464739,0.0150593,0.0109001
scenarioPRJP1.node[2].app,0.0162948,0.006734,0.015398,0.0116669,0.0169772,0.0162406,0.00925989,0.0135477,0.0103,0.00462257,0.0174142,0.00830944,0.029472,0.00498452,0.0101304,0.00801815,0.026544,0.0106486,0.00759793,0.01021,0.00600449,0.0121852,0.0147526,0.00638007,0.0168975,0.00285893,0.0104783,0.00571778,0.00975493,0.00627269
scenarioPRJP1.node[13].app,0.00659186,0.00513885,0.0168149,0.0158534,0.011167,0.00187325,0.00560313,0.0044233,0.0109385,0.00660289,0.0102509,0.0101177,0.0105133,0.00898155,0.00213733,0.0164645,0.00893709,0.00653294,0.00382995,0.0299861,0.00554362,0.00217352,0.0111503,0.0100583,0.0087626,0.00607214,0.00468161,0.0200358,0.00573074,0.0124487
scenarioPRJP1.node[6].app,0.022347,0.0147998,0.00992578,0.0103007,0.0193949,0.0123269,0.00647479,0.0126298,0.00516201,0.00331146,0.0175031,0.0143074,0.00816817,0.00851436,0.0117213,0.0119248,0.0089118,0.0171626,0.0108395,0.0138903,0.0102066,0.0204162,0.00744276,0.00944715,0.00823487,0.00562116,0.0114632,0.012886,0.0146394,0.00898779
scenarioPRJP1.node[8].app,0.00987516,0.0146822,0.00638733,0.008807,0.0160889,0.0115465,0.00596664,0.0180725,0.013754,0.00526465,0.0059787,0.00932677,0.0142538,0.00235645,0.00284385,0.012028,0.0184719,0.00855989,0.00739935,0.00648812,0.0122862,0.0100801,0.00848557,0.0137873,0.0126847,0.00577242,0.0126391,0.00703063,0.0180638,0.00219432
scenarioPRJP1.node[12].app,0.0187076,0.00228754,0.00828325,0.00873591,0.0164992,0.00482981,0.00514925,0.00531363,0.0185188,0.00748048,0.00278197,0.00847645,0.0102093,0.00578156,0.00387793,0.00746139,0.00515184,0.0101281,0.00890474,0.0105872,0.0106938,0.00743901,0.0191055,0.00494793,0.0199958,0.00281118,0.0071923,0.00421033,0.0112169,0.00297072
scenarioPRJP1.node[0].app,0.0140836,0.0144085,0.00964082,0.0132698,0.0113635,0.0188108,0.0169754,0.00628291,0.00779536,0.0163748,0.00843982,0.00497661,0.0109978,0.0110835,0.0110745,0.0177707,0.0200019,0.0149922,0.00910187,0.0107255,0.00610447,0.0101101,0.0128658,0.00672085,0.0169158,0.00867737,0.00700497,0.00771948,0.00795711,0.0101316
scenarioPRJP1.node[10].app,0.0142421,0.0112712,0.00974656,0.0101742,0.0043224,0.00481114,0.0145344,0.0164917,0.00559975,0.00756931,0.0172599,0.00740645,0.0089508,0.00992096,0.00767566,0.0103522,0.0164281,0.00741999,0.00973412,0.00486012,0.00619638,0.0102903,0.0214798,0.00872086,0.0135588,0.00520615,0.00715801,0.00627514,0.0134272,0.0115219
scenarioPRJP1.node[1].app,0.00837786,0.00457364,0.00816308,0.0103307,0.0144169,0.0194895,0.00298229,0.00921213,0.00732616,0.0110999,0.00666173,0.00809622,0.0107588,0.0183771,0.00918441,0.00974075,0.012301,0.0184807,0.0177555,0.00512301,0.0187931,0.0132589,0.011301,0.00687934,0.0147608,0.00856303,0.00635755,0.0147437,0.0177336,0.0056919
scenarioPRJP1.node[11].app,0.0104542,0.0162173,0.0102161,0.00250697,0.00418256,0.0185991,0.0147436,0.0106503,0.0216291,0.00743402,0.0120672,0.013252,0.0165466,0.00707695,0.00697915,0.0160324,0.00400062,0.0173567,0.0162039,0.0104573,0.0136816,0.00856342,0.00766426,0.00461302,0.00753005,0.0186449,0.01457,0.00803033,0.0107453,0.0104041
scenarioPRJP1.node[3].app,0.00765453,0.020195,0.0162133,0.018523,0.00621129,0.0206006,0.0133559,0.0150143,0.0086407,0.0125674,0.00631191,0.00670474,0.00745627,0.0115491,0.00860997,0.0160378,0.00226107,0.010746,0.0260945,0.00659779,0.00360515,0.0136001,0.00500703,0.0193329,0.00712173,0.0106799,0.00746412,0.0152023,0.00779747,0.00272067
scenarioPRJP1.node[4].app,0.0151973,0.0158431,0.00766329,0.0115776,0.00560987,0.011359,0.0196502,0.00718282,0.0179507,0.00218934,0.00886019,0.00623823,0.0131889,0.0104568,0.0116511,0.0147117,0.00974186,0.0170863,0.00891953,0.0078256,0.0129862,0.00828485,0.0182948,0.0126542,0.0121632,0.0123505,0.00516485,0.0131886,0.00632089,0.00473066
scenarioPRJP1.node[14].app,0.0108923,0.0150798,0.0119364,0.0100753,0.00554723,0.00996741,0.0121308,0.00264616,0.0153108,0.0098216,0.00452919,0.00774626,0.0073659,0.00437828,0.0162903,0.0169697,0.010101,0.00967009,0.0027875,0.0182054,0.00856801,0.00758275,0.0181977,0.0100828,0.0112233,0.0207046,0.0058874,0.0186147,0.013465,0.0130326
scenarioPRJP1.node[15].app,0.0125658,0.00778428,0.00581319,0.013712,0.0124812,0.0134958,0.0156933,0.01151,0.00886881,0.00894879,0.00848782,0.00550531,0.00977168,0.0220216,0.00438173,0.0106627,0.0211669,0.00708871,0.0057327,0.00260965,0.0126906,0.0177592,0.00665212,0.00598276,0.0130174,0.00786618,0.00791228,0.0211154,0.0108586,0.013184
scenarioPRJP1.node[16].app,0.0101411,0.0109519,0.00735121,0.00478299,0.0137021,0.0117936,0.00881441,0.00679573,0.00516757,0.00772555,0.0255108,0.009636,0.00735232,0.00994126,0.00882941,0.0137186,0.0124755,0.0240284,0.0281802,0.00764053,0.0141297,0.014196,0.0127999,0.0135226,0.0116772,0.0144084,0.00778443,0.0120558,0.0243435,0.0165706
scenarioPRJP1.node[7].app,0.0200696,0.0121922,0.0111158,0.0185547,0.00828018,0.00604221,0.00293915,0.00412166,0.00955907,0.00292764,0.0081676,0.0101192,0.0139549,0.00843589,0.0121917,0.0121522,0.00441558,0.0108217,0.0132645,0.00728237,0.0103931,0.0099621,0.00682394,0.0115251,0.0051557,0.00973089,0.00652321,0.00412942,0.0150897,0.00607569
scenarioPRJP1.node[17].app,0.0149766,0.0203177,0.0114853,0.00807189,0.0203452,0.0120704,0.00456269,0.0176207,0.0193831,0.0173651,0.01033,0.0138115,0.00996393,0.0156067,0.011384,0.0131291,0.00294038,0.0199543,0.0168735,0.00502155,0.0180559,0.00939244,0.00854678,0.0127175,0.0093754,0.00926381,0.0119051,0.00765758,0.0162501,0.00702452
scenarioPRJP1.node[19].app,0.0190026,0.00649507,0.0155939,0.0139931,0.00856283,0.00869816,0.0131868,0.0051881,0.00978879,0.00629029,0.00591828,0.0203481,0.0180925,0.0126565,0.0153396,0.00832259,0.00888538,0.00511711,0.0138783,0.00987888,0.00672777,0.00808934,0.0203762,0.0174495,0.00228268,0.0107579,0.0117141,0.0092096,0.00968066,0.00843494
scenarioPRJP1.node[18].app,0.00440919,0.0110116,0.0136955,0.0115247,0.0131559,0.0201982,0.0111191,0.0176646,0.0108684,0.00554315,0.0139597,0.0120288,0.0211255,0.00645744,0.0106744,0.0123923,0.00593626,0.0106189,0.0125169,0.00677215,0.00736253,0.00734528,0.0073974,0.0055354,0.00899211,0.0191843,0.0138212,0.0107522,0.00340895,0.0102773
