Module,/veins_fg/examples/Examples_Veins_fg/Prj_Part1_propag/OLSR/results/OLSR-ETX-FS-25-0.sca_OLSR-ETX-FS-25-0-20150609-18:50:25-25770_sentPk:count,/veins_fg/examples/Examples_Veins_fg/Prj_Part1_propag/OLSR/results/OLSR-ETX-FS-25-1.sca_OLSR-ETX-FS-25-1-20150609-18:50:25-25764_sentPk:count,/veins_fg/examples/Examples_Veins_fg/Prj_Part1_propag/OLSR/results/OLSR-ETX-FS-25-2.sca_OLSR-ETX-FS-25-2-20150609-18:50:24-25755_sentPk:count,/veins_fg/examples/Examples_Veins_fg/Prj_Part1_propag/OLSR/results/OLSR-ETX-FS-25-3.sca_OLSR-ETX-FS-25-3-20150609-18:50:24-25760_sentPk:count,/veins_fg/examples/Examples_Veins_fg/Prj_Part1_propag/OLSR/results/OLSR-ETX-FS-25-4.sca_OLSR-ETX-FS-25-4-20150609-18:59:30-26272_sentPk:count,/veins_fg/examples/Examples_Veins_fg/Prj_Part1_propag/OLSR/results/OLSR-ETX-FS-25-5.sca_OLSR-ETX-FS-25-5-20150609-18:59:38-26299_sentPk:count,/veins_fg/examples/Examples_Veins_fg/Prj_Part1_propag/OLSR/results/OLSR-ETX-FS-25-6.sca_OLSR-ETX-FS-25-6-20150609-18:59:47-26315_sentPk:count,/veins_fg/examples/Examples_Veins_fg/Prj_Part1_propag/OLSR/results/OLSR-ETX-FS-25-7.sca_OLSR-ETX-FS-25-7-20150609-18:59:47-26316_sentPk:count,/veins_fg/examples/Examples_Veins_fg/Prj_Part1_propag/OLSR/results/OLSR-ETX-FS-25-8.sca_OLSR-ETX-FS-25-8-20150609-19:10:36-26797_sentPk:count,/veins_fg/examples/Examples_Veins_fg/Prj_Part1_propag/OLSR/results/OLSR-ETX-FS-25-9.sca_OLSR-ETX-FS-25-9-20150609-19:10:37-26804_sentPk:count,/veins_fg/examples/Examples_Veins_fg/Prj_Part1_propag/OLSR/results/OLSR-ETX-FS-25-10.sca_OLSR-ETX-FS-25-10-20150609-19:10:38-26818_sentPk:count,/veins_fg/examples/Examples_Veins_fg/Prj_Part1_propag/OLSR/results/OLSR-ETX-FS-25-11.sca_OLSR-ETX-FS-25-11-20150609-19:10:45-26829_sentPk:count,/veins_fg/examples/Examples_Veins_fg/Prj_Part1_propag/OLSR/results/OLSR-ETX-FS-25-12.sca_OLSR-ETX-FS-25-12-20150609-19:23:04-27000_sentPk:count,/veins_fg/examples/Examples_Veins_fg/Prj_Part1_propag/OLSR/results/OLSR-ETX-FS-25-13.sca_OLSR-ETX-FS-25-13-20150609-19:23:07-27010_sentPk:count,/veins_fg/examples/Examples_Veins_fg/Prj_Part1_propag/OLSR/results/OLSR-ETX-FS-25-14.sca_OLSR-ETX-FS-25-14-20150609-19:23:22-27034_sentPk:count,/veins_fg/examples/Examples_Veins_fg/Prj_Part1_propag/OLSR/results/OLSR-ETX-FS-25-15.sca_OLSR-ETX-FS-25-15-20150609-19:23:47-27058_sentPk:count,/veins_fg/examples/Examples_Veins_fg/Prj_Part1_propag/OLSR/results/OLSR-ETX-FS-25-16.sca_OLSR-ETX-FS-25-16-20150609-19:36:13-27225_sentPk:count,/veins_fg/examples/Examples_Veins_fg/Prj_Part1_propag/OLSR/results/OLSR-ETX-FS-25-17.sca_OLSR-ETX-FS-25-17-20150609-19:36:50-27238_sentPk:count,/veins_fg/examples/Examples_Veins_fg/Prj_Part1_propag/OLSR/results/OLSR-ETX-FS-25-18.sca_OLSR-ETX-FS-25-18-20150609-19:36:51-27245_sentPk:count,/veins_fg/examples/Examples_Veins_fg/Prj_Part1_propag/OLSR/results/OLSR-ETX-FS-25-19.sca_OLSR-ETX-FS-25-19-20150609-19:37:30-27260_sentPk:count,/veins_fg/examples/Examples_Veins_fg/Prj_Part1_propag/OLSR/results/OLSR-ETX-FS-25-20.sca_OLSR-ETX-FS-25-20-20150609-19:50:28-27511_sentPk:count,/veins_fg/examples/Examples_Veins_fg/Prj_Part1_propag/OLSR/results/OLSR-ETX-FS-25-21.sca_OLSR-ETX-FS-25-21-20150609-19:50:55-27526_sentPk:count,/veins_fg/examples/Examples_Veins_fg/Prj_Part1_propag/OLSR/results/OLSR-ETX-FS-25-22.sca_OLSR-ETX-FS-25-22-20150609-19:50:59-27538_sentPk:count,/veins_fg/examples/Examples_Veins_fg/Prj_Part1_propag/OLSR/results/OLSR-ETX-FS-25-23.sca_OLSR-ETX-FS-25-23-20150609-19:51:32-27555_sentPk:count,/veins_fg/examples/Examples_Veins_fg/Prj_Part1_propag/OLSR/results/OLSR-ETX-FS-25-24.sca_OLSR-ETX-FS-25-24-20150609-19:59:45-27904_sentPk:count,/veins_fg/examples/Examples_Veins_fg/Prj_Part1_propag/OLSR/results/OLSR-ETX-FS-25-25.sca_OLSR-ETX-FS-25-25-20150609-20:00:10-27935_sentPk:count,/veins_fg/examples/Examples_Veins_fg/Prj_Part1_propag/OLSR/results/OLSR-ETX-FS-25-26.sca_OLSR-ETX-FS-25-26-20150609-20:00:28-27952_sentPk:count,/veins_fg/examples/Examples_Veins_fg/Prj_Part1_propag/OLSR/results/OLSR-ETX-FS-25-27.sca_OLSR-ETX-FS-25-27-20150609-20:01:05-27971_sentPk:count,/veins_fg/examples/Examples_Veins_fg/Prj_Part1_propag/OLSR/results/OLSR-ETX-FS-25-28.sca_OLSR-ETX-FS-25-28-20150609-20:09:21-28313_sentPk:count,/veins_fg/examples/Examples_Veins_fg/Prj_Part1_propag/OLSR/results/OLSR-ETX-FS-25-29.sca_OLSR-ETX-FS-25-29-20150609-20:10:30-28363_sentPk:count,/veins_fg/examples/Examples_Veins_fg/Prj_Part1_propag/OLSR/results/OLSR-ETX-FS-25-30.sca_OLSR-ETX-FS-25-30-20150609-20:10:39-28381_sentPk:count,/veins_fg/examples/Examples_Veins_fg/Prj_Part1_propag/OLSR/results/OLSR-ETX-FS-25-31.sca_OLSR-ETX-FS-25-31-20150609-20:11:27-28403_sentPk:count,/veins_fg/examples/Examples_Veins_fg/Prj_Part1_propag/OLSR/results/OLSR-ETX-FS-25-32.sca_OLSR-ETX-FS-25-32-20150609-20:19:20-28559_sentPk:count,/veins_fg/examples/Examples_Veins_fg/Prj_Part1_propag/OLSR/results/OLSR-ETX-FS-25-33.sca_OLSR-ETX-FS-25-33-20150609-20:20:12-28585_sentPk:count,/veins_fg/examples/Examples_Veins_fg/Prj_Part1_propag/OLSR/results/OLSR-ETX-FS-25-34.sca_OLSR-ETX-FS-25-34-20150609-20:20:40-28603_sentPk:count,/veins_fg/examples/Examples_Veins_fg/Prj_Part1_propag/OLSR/results/OLSR-ETX-FS-25-35.sca_OLSR-ETX-FS-25-35-20150609-20:21:15-28621_sentPk:count,/veins_fg/examples/Examples_Veins_fg/Prj_Part1_propag/OLSR/results/OLSR-ETX-FS-25-36.sca_OLSR-ETX-FS-25-36-20150609-20:29:38-28946_sentPk:count,/veins_fg/examples/Examples_Veins_fg/Prj_Part1_propag/OLSR/results/OLSR-ETX-FS-25-37.sca_OLSR-ETX-FS-25-37-20150609-20:30:22-28966_sentPk:count,/veins_fg/examples/Examples_Veins_fg/Prj_Part1_propag/OLSR/results/OLSR-ETX-FS-25-38.sca_OLSR-ETX-FS-25-38-20150609-20:30:59-29002_sentPk:count,/veins_fg/examples/Examples_Veins_fg/Prj_Part1_propag/OLSR/results/OLSR-ETX-FS-25-39.sca_OLSR-ETX-FS-25-39-20150609-20:31:02-29013_sentPk:count,/veins_fg/examples/Examples_Veins_fg/Prj_Part1_propag/OLSR/results/OLSR-ETX-FS-25-40.sca_OLSR-ETX-FS-25-40-20150609-20:39:28-29479_sentPk:count,/veins_fg/examples/Examples_Veins_fg/Prj_Part1_propag/OLSR/results/OLSR-ETX-FS-25-41.sca_OLSR-ETX-FS-25-41-20150609-20:40:03-29499_sentPk:count,/veins_fg/examples/Examples_Veins_fg/Prj_Part1_propag/OLSR/results/OLSR-ETX-FS-25-42.sca_OLSR-ETX-FS-25-42-20150609-20:40:37-29521_sentPk:count,/veins_fg/examples/Examples_Veins_fg/Prj_Part1_propag/OLSR/results/OLSR-ETX-FS-25-43.sca_OLSR-ETX-FS-25-43-20150609-20:40:56-29535_sentPk:count,/veins_fg/examples/Examples_Veins_fg/Prj_Part1_propag/OLSR/results/OLSR-ETX-FS-25-44.sca_OLSR-ETX-FS-25-44-20150609-20:48:47-29766_sentPk:count,/veins_fg/examples/Examples_Veins_fg/Prj_Part1_propag/OLSR/results/OLSR-ETX-FS-25-45.sca_OLSR-ETX-FS-25-45-20150609-20:49:44-29803_sentPk:count,/veins_fg/examples/Examples_Veins_fg/Prj_Part1_propag/OLSR/results/OLSR-ETX-FS-25-46.sca_OLSR-ETX-FS-25-46-20150609-20:50:08-29823_sentPk:count,/veins_fg/examples/Examples_Veins_fg/Prj_Part1_propag/OLSR/results/OLSR-ETX-FS-25-47.sca_OLSR-ETX-FS-25-47-20150609-20:50:42-29841_sentPk:count,/veins_fg/examples/Examples_Veins_fg/Prj_Part1_propag/OLSR/results/OLSR-ETX-FS-25-48.sca_OLSR-ETX-FS-25-48-20150609-20:57:55-30138_sentPk:count,/veins_fg/examples/Examples_Veins_fg/Prj_Part1_propag/OLSR/results/OLSR-ETX-FS-25-49.sca_OLSR-ETX-FS-25-49-20150609-20:59:32-30225_sentPk:count
scenarioPRJP1.node[13].app,5034,4697,5040,4946,5036,4697,5032,4941,4636,5039,5037,5040,4460,5040,5038,4453,5037,4694,4698,4699,4464,4947,4468,4636,4459,5040,5040,5038,5034,5032,4460,4636,4636,4636,5040,4693,4697,5040,5038,5042,5037,5037,4636,4693,5037,4694,5043,4697,5038,5039
scenarioPRJP1.node[0].app,5029,5025,5029,5027,5027,5025,5020,5025,5024,5030,5022,5029,5032,5029,5025,5027,5031,5025,5028,5022,5030,5031,5029,5028,5036,5029,5029,5023,5024,5020,5023,5018,5024,5024,5029,5026,5025,5029,5031,5030,5030,5024,5024,5025,5025,5028,5029,5025,5025,5033
scenarioPRJP1.node[1].app,5022,5028,5025,5030,5025,5028,5018,5019,5024,5024,5026,5025,5024,5025,5028,5027,5025,5025,5025,5028,5019,5029,5022,5020,5026,5025,5025,5024,5022,5020,5024,5032,5024,5024,5025,5029,5028,5025,5028,5024,5027,5024,5024,5022,5028,5024,5024,5028,5028,5027
scenarioPRJP1.node[14].app,4453,5019,5022,5019,5022,5019,5021,5018,5017,4680,4457,5022,5030,5022,4681,5021,5024,5020,5015,5019,5029,5020,5019,5018,5027,5022,5022,5018,5022,5021,5020,5021,5017,5017,5022,5020,5019,5022,5023,4454,5021,4620,5017,5020,5019,5019,4445,5019,4681,5022
scenarioPRJP1.node[2].app,5022,5026,5028,5025,5026,5026,5028,5031,5032,5029,5025,5028,5020,5028,5026,5018,5030,5030,5031,5025,5026,5024,5022,5036,5020,5028,5028,5028,5031,5035,5024,5031,5032,5032,5028,5026,5026,5028,5024,5025,5028,5032,5032,5029,5026,5031,5016,5026,5026,5026
scenarioPRJP1.node[15].app,4993,5001,4995,4997,5001,5001,5005,4996,5000,5001,5002,4995,5000,4995,5001,5005,5002,4998,5000,4993,4985,4998,4993,4997,4991,4995,4995,5005,5000,4994,5001,5000,5000,5000,4995,5001,5001,4995,4996,5003,4999,5000,5000,5000,5001,4997,5006,5001,5001,4996
scenarioPRJP1.node[3].app,5015,5021,5020,5023,5021,5021,5018,5027,5020,5024,5025,5020,5013,5020,5021,5024,5017,5026,5024,5018,5016,5021,5015,5021,5016,5020,5020,5019,5022,5018,5021,5023,5020,5020,5020,5019,5021,5020,5025,5022,5023,5021,5020,5015,5027,5024,5019,5021,5021,5019
scenarioPRJP1.node[16].app,4999,5005,5003,5004,5001,5005,5005,5005,5002,5004,4996,5003,5006,5003,5005,4998,5004,5000,5002,5003,5008,5006,4999,5005,5005,5003,5003,5004,5006,5005,5003,4999,5002,5002,5003,5000,5005,5003,5004,5004,5001,5010,5002,5004,5005,5004,5000,5005,5005,5006
scenarioPRJP1.node[4].app,5028,5023,5019,5021,5019,5023,5024,5017,5024,5016,5026,5019,5027,5019,5023,5017,5021,5016,5017,5019,5024,5018,5028,5023,5031,5019,5019,5023,5021,5024,5025,5018,5024,5024,5019,5017,5023,5019,5017,5023,5020,5022,5024,5029,5023,5018,5027,5023,5023,5019
scenarioPRJP1.node[5].app,4991,4989,4988,4987,4989,4989,4988,4987,4992,4994,4987,4988,4986,4988,4988,4985,4987,4985,4993,4990,4985,4991,4991,4995,4993,4988,4988,4987,4994,4978,4980,4987,4992,4992,4988,4987,4989,4988,4990,4984,4986,4992,4992,4990,4989,4992,4986,4989,4988,4987
scenarioPRJP1.node[22].app,5002,5007,5003,5004,5008,5007,4607,5007,5004,5005,5010,5003,5003,5003,5007,5004,4668,5005,5001,5013,5000,5008,5002,5002,5009,5003,5003,5001,5001,5010,5010,5011,5004,5004,5003,5006,5007,5003,5009,4999,5005,5004,5004,5006,5007,5003,5008,5007,5007,4920
scenarioPRJP1.node[6].app,5010,5017,5016,4859,4859,5017,5016,4614,5012,4858,5021,5016,5023,5016,5017,4858,5012,4858,5014,4614,5012,4860,5010,4857,5021,5016,5016,4612,5010,4615,4613,4610,5012,5012,5016,5017,5017,5016,4860,4862,4859,5012,5012,4612,5017,5008,4854,5017,5017,5016
scenarioPRJP1.node[17].app,4997,5003,4997,4995,4997,5003,4993,5001,4998,4995,5006,4997,4992,4997,5003,4993,4997,5000,4996,5001,4998,4996,4997,4998,4994,4997,4997,4999,4993,4993,4998,4996,4998,4998,4997,4998,5003,4997,4997,5003,4996,4995,4998,5001,5003,4998,4995,5003,5003,4996
scenarioPRJP1.node[7].app,5005,5007,5010,5010,5008,5007,5008,5006,5006,5003,5009,5010,5011,5010,5005,5006,5012,5010,5010,4999,5011,5005,5005,5006,5006,5010,5010,5007,5011,5008,5004,5005,5006,5006,5010,5005,5007,5010,5005,5006,5007,5009,5006,5012,5007,5006,5009,5007,5005,5005
scenarioPRJP1.node[18].app,5019,5013,5007,5009,5006,5013,5014,5022,5013,5014,5010,5007,5011,5007,5013,5020,5011,5014,5015,5017,5019,5011,5019,5014,5023,5007,5007,5013,5013,5014,5011,5016,5013,5013,5007,5010,5013,5007,5007,5014,5009,5011,5013,5014,5013,5016,5017,5013,5013,5005
scenarioPRJP1.node[8].app,5016,5015,5019,5019,5020,5015,5018,5020,5024,5020,5028,5019,5020,5019,5015,5021,5023,5014,5020,5017,5018,5018,5016,5024,5023,5019,5019,5012,5023,5018,5015,5019,5024,5024,5019,5023,5015,5019,5016,5013,5019,5016,5024,5009,5015,5014,5013,5015,5015,5020
scenarioPRJP1.node[19].app,5010,5006,5014,5012,5016,5006,5011,5009,5011,5008,5014,5014,5019,5014,5006,5014,5010,5015,5014,5009,5021,5012,5010,5011,5015,5014,5014,5010,5010,5011,5019,5009,5011,5011,5014,5016,5006,5014,5014,5010,5015,5012,5011,5015,5006,5011,5019,5006,5006,5014
scenarioPRJP1.node[9].app,5026,5017,5018,5020,5018,5017,5022,5016,5020,5020,5018,5018,5029,5018,5017,5018,5012,5016,5020,5021,5017,5015,5026,5018,5010,5018,5018,5010,5016,5017,5021,5016,5020,5020,5018,5011,5017,5018,5016,5016,5020,5020,5020,5013,5017,5015,5022,5017,5017,5019
scenarioPRJP1.node[23].app,5025,5020,5020,5023,5022,5020,5020,5014,5022,5022,5023,5020,5019,5020,5020,5023,5022,5024,5016,5023,5023,5020,5025,5018,5021,5020,5020,5021,5025,5020,5027,5015,5022,5022,5020,5019,5020,5020,5022,5025,5022,5018,5022,5025,5020,5019,5024,5020,5020,5023
scenarioPRJP1.node[10].app,5000,5003,4997,4997,4997,5003,5000,4997,4997,4992,5000,4997,4996,4997,5003,5001,5002,4995,4999,5001,5003,4999,5000,4996,4992,4997,4997,5002,5002,5000,5005,4998,4997,4997,4997,5004,5003,4997,4994,5000,4998,4999,4997,5005,5003,5004,4997,5003,5003,4995
scenarioPRJP1.node[24].app,5019,5022,5014,5017,5013,5022,5018,5013,5011,5021,5012,5014,5012,5014,5022,5015,5015,5013,5019,5018,5009,5016,5019,5011,5008,5014,5014,5016,4679,5021,5012,5015,5011,5011,5014,5011,5022,5014,5020,5018,4922,5011,5011,5006,4676,5015,5012,5022,5022,5015
scenarioPRJP1.node[11].app,5000,5005,5007,5003,5006,5005,5007,5000,5003,5002,5001,5007,5001,5007,5005,5012,5000,5001,5008,5000,5010,5004,5000,4998,5000,5007,5007,5007,5006,5007,5017,5002,5003,5003,5007,5004,5005,5007,5005,5002,5003,5003,5003,5007,5005,5002,5004,5005,5005,5008
scenarioPRJP1.node[20].app,5016,5008,5013,5013,5011,5008,5008,5013,5013,5011,5003,5013,5004,5013,5008,5014,5015,5009,5011,5015,5005,5012,5016,5012,5008,5013,5013,5014,5010,5015,5008,5010,5013,5013,5013,5012,5008,5013,5011,5006,5012,5013,5013,5011,5008,5006,5013,5008,5008,5015
scenarioPRJP1.node[12].app,5013,5018,5015,5013,5013,5018,5022,5013,5013,5020,5024,5015,5019,5015,5018,5021,5013,5012,5013,5016,5022,5015,5013,5016,5018,5015,5015,5023,5017,5017,5023,5009,5013,5013,5015,5013,5018,5015,5013,5012,5016,5013,5013,5023,5018,5014,5023,5018,5018,5012
scenarioPRJP1.node[21].app,5009,4991,4997,5001,5000,4991,4994,5004,4999,5005,5001,4997,4996,4997,4991,5005,4996,5001,4997,5002,4999,4998,5009,4995,5001,4997,4997,5001,4994,5004,4998,5001,4999,4999,4997,4992,4991,4997,4996,5003,4999,4999,4999,4996,4991,4997,4995,4991,4991,4998
