Module,/veins_fg/examples/Examples_Veins_fg/Prj_Part1_propag/DYMO/results/DYMOUM-FS-25-0.sca_DYMOUM-FS-25-0-20150609-21:54:01-5601_rcvdPk:count,/veins_fg/examples/Examples_Veins_fg/Prj_Part1_propag/DYMO/results/DYMOUM-FS-25-0.sca_DYMOUM-FS-25-0-20150609-21:54:01-5601_sentPk:count,/veins_fg/examples/Examples_Veins_fg/Prj_Part1_propag/DYMO/results/DYMOUM-FS-25-1.sca_DYMOUM-FS-25-1-20150609-21:54:01-5599_rcvdPk:count,/veins_fg/examples/Examples_Veins_fg/Prj_Part1_propag/DYMO/results/DYMOUM-FS-25-1.sca_DYMOUM-FS-25-1-20150609-21:54:01-5599_sentPk:count,/veins_fg/examples/Examples_Veins_fg/Prj_Part1_propag/DYMO/results/DYMOUM-FS-25-2.sca_DYMOUM-FS-25-2-20150609-21:54:01-5600_rcvdPk:count,/veins_fg/examples/Examples_Veins_fg/Prj_Part1_propag/DYMO/results/DYMOUM-FS-25-2.sca_DYMOUM-FS-25-2-20150609-21:54:01-5600_sentPk:count,/veins_fg/examples/Examples_Veins_fg/Prj_Part1_propag/DYMO/results/DYMOUM-FS-25-3.sca_DYMOUM-FS-25-3-20150609-21:54:01-5602_rcvdPk:count,/veins_fg/examples/Examples_Veins_fg/Prj_Part1_propag/DYMO/results/DYMOUM-FS-25-3.sca_DYMOUM-FS-25-3-20150609-21:54:01-5602_sentPk:count,/veins_fg/examples/Examples_Veins_fg/Prj_Part1_propag/DYMO/results/DYMOUM-FS-25-4.sca_DYMOUM-FS-25-4-20150609-22:12:21-5812_rcvdPk:count,/veins_fg/examples/Examples_Veins_fg/Prj_Part1_propag/DYMO/results/DYMOUM-FS-25-4.sca_DYMOUM-FS-25-4-20150609-22:12:21-5812_sentPk:count,/veins_fg/examples/Examples_Veins_fg/Prj_Part1_propag/DYMO/results/DYMOUM-FS-25-5.sca_DYMOUM-FS-25-5-20150609-22:12:33-5822_rcvdPk:count,/veins_fg/examples/Examples_Veins_fg/Prj_Part1_propag/DYMO/results/DYMOUM-FS-25-5.sca_DYMOUM-FS-25-5-20150609-22:12:33-5822_sentPk:count,/veins_fg/examples/Examples_Veins_fg/Prj_Part1_propag/DYMO/results/DYMOUM-FS-25-6.sca_DYMOUM-FS-25-6-20150609-22:13:43-5839_rcvdPk:count,/veins_fg/examples/Examples_Veins_fg/Prj_Part1_propag/DYMO/results/DYMOUM-FS-25-6.sca_DYMOUM-FS-25-6-20150609-22:13:43-5839_sentPk:count,/veins_fg/examples/Examples_Veins_fg/Prj_Part1_propag/DYMO/results/DYMOUM-FS-25-7.sca_DYMOUM-FS-25-7-20150609-22:13:47-5849_rcvdPk:count,/veins_fg/examples/Examples_Veins_fg/Prj_Part1_propag/DYMO/results/DYMOUM-FS-25-7.sca_DYMOUM-FS-25-7-20150609-22:13:47-5849_sentPk:count,/veins_fg/examples/Examples_Veins_fg/Prj_Part1_propag/DYMO/results/DYMOUM-FS-25-8.sca_DYMOUM-FS-25-8-20150609-22:34:21-5994_rcvdPk:count,/veins_fg/examples/Examples_Veins_fg/Prj_Part1_propag/DYMO/results/DYMOUM-FS-25-8.sca_DYMOUM-FS-25-8-20150609-22:34:21-5994_sentPk:count,/veins_fg/examples/Examples_Veins_fg/Prj_Part1_propag/DYMO/results/DYMOUM-FS-25-9.sca_DYMOUM-FS-25-9-20150609-22:34:25-6005_rcvdPk:count,/veins_fg/examples/Examples_Veins_fg/Prj_Part1_propag/DYMO/results/DYMOUM-FS-25-9.sca_DYMOUM-FS-25-9-20150609-22:34:25-6005_sentPk:count,/veins_fg/examples/Examples_Veins_fg/Prj_Part1_propag/DYMO/results/DYMOUM-FS-25-10.sca_DYMOUM-FS-25-10-20150609-22:36:06-6022_rcvdPk:count,/veins_fg/examples/Examples_Veins_fg/Prj_Part1_propag/DYMO/results/DYMOUM-FS-25-10.sca_DYMOUM-FS-25-10-20150609-22:36:06-6022_sentPk:count,/veins_fg/examples/Examples_Veins_fg/Prj_Part1_propag/DYMO/results/DYMOUM-FS-25-11.sca_DYMOUM-FS-25-11-20150609-22:36:34-6035_rcvdPk:count,/veins_fg/examples/Examples_Veins_fg/Prj_Part1_propag/DYMO/results/DYMOUM-FS-25-11.sca_DYMOUM-FS-25-11-20150609-22:36:34-6035_sentPk:count,/veins_fg/examples/Examples_Veins_fg/Prj_Part1_propag/DYMO/results/DYMOUM-FS-25-12.sca_DYMOUM-FS-25-12-20150609-22:55:07-6266_rcvdPk:count,/veins_fg/examples/Examples_Veins_fg/Prj_Part1_propag/DYMO/results/DYMOUM-FS-25-12.sca_DYMOUM-FS-25-12-20150609-22:55:07-6266_sentPk:count,/veins_fg/examples/Examples_Veins_fg/Prj_Part1_propag/DYMO/results/DYMOUM-FS-25-13.sca_DYMOUM-FS-25-13-20150609-22:55:18-6284_rcvdPk:count,/veins_fg/examples/Examples_Veins_fg/Prj_Part1_propag/DYMO/results/DYMOUM-FS-25-13.sca_DYMOUM-FS-25-13-20150609-22:55:18-6284_sentPk:count,/veins_fg/examples/Examples_Veins_fg/Prj_Part1_propag/DYMO/results/DYMOUM-FS-25-14.sca_DYMOUM-FS-25-14-20150609-22:56:06-6299_rcvdPk:count,/veins_fg/examples/Examples_Veins_fg/Prj_Part1_propag/DYMO/results/DYMOUM-FS-25-14.sca_DYMOUM-FS-25-14-20150609-22:56:06-6299_sentPk:count,/veins_fg/examples/Examples_Veins_fg/Prj_Part1_propag/DYMO/results/DYMOUM-FS-25-15.sca_DYMOUM-FS-25-15-20150609-22:56:47-6312_rcvdPk:count,/veins_fg/examples/Examples_Veins_fg/Prj_Part1_propag/DYMO/results/DYMOUM-FS-25-15.sca_DYMOUM-FS-25-15-20150609-22:56:47-6312_sentPk:count,/veins_fg/examples/Examples_Veins_fg/Prj_Part1_propag/DYMO/results/DYMOUM-FS-25-16.sca_DYMOUM-FS-25-16-20150609-23:16:33-6438_rcvdPk:count,/veins_fg/examples/Examples_Veins_fg/Prj_Part1_propag/DYMO/results/DYMOUM-FS-25-16.sca_DYMOUM-FS-25-16-20150609-23:16:33-6438_sentPk:count,/veins_fg/examples/Examples_Veins_fg/Prj_Part1_propag/DYMO/results/DYMOUM-FS-25-17.sca_DYMOUM-FS-25-17-20150609-23:17:53-6456_rcvdPk:count,/veins_fg/examples/Examples_Veins_fg/Prj_Part1_propag/DYMO/results/DYMOUM-FS-25-17.sca_DYMOUM-FS-25-17-20150609-23:17:53-6456_sentPk:count,/veins_fg/examples/Examples_Veins_fg/Prj_Part1_propag/DYMO/results/DYMOUM-FS-25-18.sca_DYMOUM-FS-25-18-20150609-23:18:33-6468_rcvdPk:count,/veins_fg/examples/Examples_Veins_fg/Prj_Part1_propag/DYMO/results/DYMOUM-FS-25-18.sca_DYMOUM-FS-25-18-20150609-23:18:33-6468_sentPk:count,/veins_fg/examples/Examples_Veins_fg/Prj_Part1_propag/DYMO/results/DYMOUM-FS-25-19.sca_DYMOUM-FS-25-19-20150609-23:19:14-6486_rcvdPk:count,/veins_fg/examples/Examples_Veins_fg/Prj_Part1_propag/DYMO/results/DYMOUM-FS-25-19.sca_DYMOUM-FS-25-19-20150609-23:19:14-6486_sentPk:count,/veins_fg/examples/Examples_Veins_fg/Prj_Part1_propag/DYMO/results/DYMOUM-FS-25-20.sca_DYMOUM-FS-25-20-20150609-23:37:09-6593_rcvdPk:count,/veins_fg/examples/Examples_Veins_fg/Prj_Part1_propag/DYMO/results/DYMOUM-FS-25-20.sca_DYMOUM-FS-25-20-20150609-23:37:09-6593_sentPk:count,/veins_fg/examples/Examples_Veins_fg/Prj_Part1_propag/DYMO/results/DYMOUM-FS-25-21.sca_DYMOUM-FS-25-21-20150609-23:40:38-6621_rcvdPk:count,/veins_fg/examples/Examples_Veins_fg/Prj_Part1_propag/DYMO/results/DYMOUM-FS-25-21.sca_DYMOUM-FS-25-21-20150609-23:40:38-6621_sentPk:count,/veins_fg/examples/Examples_Veins_fg/Prj_Part1_propag/DYMO/results/DYMOUM-FS-25-22.sca_DYMOUM-FS-25-22-20150609-23:40:39-6631_rcvdPk:count,/veins_fg/examples/Examples_Veins_fg/Prj_Part1_propag/DYMO/results/DYMOUM-FS-25-22.sca_DYMOUM-FS-25-22-20150609-23:40:39-6631_sentPk:count,/veins_fg/examples/Examples_Veins_fg/Prj_Part1_propag/DYMO/results/DYMOUM-FS-25-23.sca_DYMOUM-FS-25-23-20150609-23:41:58-6652_rcvdPk:count,/veins_fg/examples/Examples_Veins_fg/Prj_Part1_propag/DYMO/results/DYMOUM-FS-25-23.sca_DYMOUM-FS-25-23-20150609-23:41:58-6652_sentPk:count,/veins_fg/examples/Examples_Veins_fg/Prj_Part1_propag/DYMO/results/DYMOUM-FS-25-24.sca_DYMOUM-FS-25-24-20150609-23:57:10-6743_rcvdPk:count,/veins_fg/examples/Examples_Veins_fg/Prj_Part1_propag/DYMO/results/DYMOUM-FS-25-24.sca_DYMOUM-FS-25-24-20150609-23:57:10-6743_sentPk:count,/veins_fg/examples/Examples_Veins_fg/Prj_Part1_propag/DYMO/results/DYMOUM-FS-25-25.sca_DYMOUM-FS-25-25-20150610-00:01:33-6789_rcvdPk:count,/veins_fg/examples/Examples_Veins_fg/Prj_Part1_propag/DYMO/results/DYMOUM-FS-25-25.sca_DYMOUM-FS-25-25-20150610-00:01:33-6789_sentPk:count,/veins_fg/examples/Examples_Veins_fg/Prj_Part1_propag/DYMO/results/DYMOUM-FS-25-26.sca_DYMOUM-FS-25-26-20150610-00:01:54-6801_rcvdPk:count,/veins_fg/examples/Examples_Veins_fg/Prj_Part1_propag/DYMO/results/DYMOUM-FS-25-26.sca_DYMOUM-FS-25-26-20150610-00:01:54-6801_sentPk:count,/veins_fg/examples/Examples_Veins_fg/Prj_Part1_propag/DYMO/results/DYMOUM-FS-25-27.sca_DYMOUM-FS-25-27-20150610-00:03:14-6816_rcvdPk:count,/veins_fg/examples/Examples_Veins_fg/Prj_Part1_propag/DYMO/results/DYMOUM-FS-25-27.sca_DYMOUM-FS-25-27-20150610-00:03:14-6816_sentPk:count,/veins_fg/examples/Examples_Veins_fg/Prj_Part1_propag/DYMO/results/DYMOUM-FS-25-28.sca_DYMOUM-FS-25-28-20150610-00:17:42-6902_rcvdPk:count,/veins_fg/examples/Examples_Veins_fg/Prj_Part1_propag/DYMO/results/DYMOUM-FS-25-28.sca_DYMOUM-FS-25-28-20150610-00:17:42-6902_sentPk:count,/veins_fg/examples/Examples_Veins_fg/Prj_Part1_propag/DYMO/results/DYMOUM-FS-25-29.sca_DYMOUM-FS-25-29-20150610-00:24:18-6952_rcvdPk:count,/veins_fg/examples/Examples_Veins_fg/Prj_Part1_propag/DYMO/results/DYMOUM-FS-25-29.sca_DYMOUM-FS-25-29-20150610-00:24:18-6952_sentPk:count,/veins_fg/examples/Examples_Veins_fg/Prj_Part1_propag/DYMO/results/DYMOUM-FS-25-30.sca_DYMOUM-FS-25-30-20150610-00:25:36-6966_rcvdPk:count,/veins_fg/examples/Examples_Veins_fg/Prj_Part1_propag/DYMO/results/DYMOUM-FS-25-30.sca_DYMOUM-FS-25-30-20150610-00:25:36-6966_sentPk:count,/veins_fg/examples/Examples_Veins_fg/Prj_Part1_propag/DYMO/results/DYMOUM-FS-25-31.sca_DYMOUM-FS-25-31-20150610-00:25:41-6978_rcvdPk:count,/veins_fg/examples/Examples_Veins_fg/Prj_Part1_propag/DYMO/results/DYMOUM-FS-25-31.sca_DYMOUM-FS-25-31-20150610-00:25:41-6978_sentPk:count,/veins_fg/examples/Examples_Veins_fg/Prj_Part1_propag/DYMO/results/DYMOUM-FS-25-32.sca_DYMOUM-FS-25-32-20150610-00:39:42-7074_rcvdPk:count,/veins_fg/examples/Examples_Veins_fg/Prj_Part1_propag/DYMO/results/DYMOUM-FS-25-32.sca_DYMOUM-FS-25-32-20150610-00:39:42-7074_sentPk:count,/veins_fg/examples/Examples_Veins_fg/Prj_Part1_propag/DYMO/results/DYMOUM-FS-25-33.sca_DYMOUM-FS-25-33-20150610-00:46:10-7177_rcvdPk:count,/veins_fg/examples/Examples_Veins_fg/Prj_Part1_propag/DYMO/results/DYMOUM-FS-25-33.sca_DYMOUM-FS-25-33-20150610-00:46:10-7177_sentPk:count,/veins_fg/examples/Examples_Veins_fg/Prj_Part1_propag/DYMO/results/DYMOUM-FS-25-34.sca_DYMOUM-FS-25-34-20150610-00:47:07-7195_rcvdPk:count,/veins_fg/examples/Examples_Veins_fg/Prj_Part1_propag/DYMO/results/DYMOUM-FS-25-34.sca_DYMOUM-FS-25-34-20150610-00:47:07-7195_sentPk:count,/veins_fg/examples/Examples_Veins_fg/Prj_Part1_propag/DYMO/results/DYMOUM-FS-25-35.sca_DYMOUM-FS-25-35-20150610-00:47:55-7215_rcvdPk:count,/veins_fg/examples/Examples_Veins_fg/Prj_Part1_propag/DYMO/results/DYMOUM-FS-25-35.sca_DYMOUM-FS-25-35-20150610-00:47:55-7215_sentPk:count,/veins_fg/examples/Examples_Veins_fg/Prj_Part1_propag/DYMO/results/DYMOUM-FS-25-36.sca_DYMOUM-FS-25-36-20150610-00:59:33-7340_rcvdPk:count,/veins_fg/examples/Examples_Veins_fg/Prj_Part1_propag/DYMO/results/DYMOUM-FS-25-36.sca_DYMOUM-FS-25-36-20150610-00:59:33-7340_sentPk:count,/veins_fg/examples/Examples_Veins_fg/Prj_Part1_propag/DYMO/results/DYMOUM-FS-25-37.sca_DYMOUM-FS-25-37-20150610-01:04:18-7377_rcvdPk:count,/veins_fg/examples/Examples_Veins_fg/Prj_Part1_propag/DYMO/results/DYMOUM-FS-25-37.sca_DYMOUM-FS-25-37-20150610-01:04:18-7377_sentPk:count,/veins_fg/examples/Examples_Veins_fg/Prj_Part1_propag/DYMO/results/DYMOUM-FS-25-38.sca_DYMOUM-FS-25-38-20150610-01:05:32-7426_rcvdPk:count,/veins_fg/examples/Examples_Veins_fg/Prj_Part1_propag/DYMO/results/DYMOUM-FS-25-38.sca_DYMOUM-FS-25-38-20150610-01:05:32-7426_sentPk:count,/veins_fg/examples/Examples_Veins_fg/Prj_Part1_propag/DYMO/results/DYMOUM-FS-25-39.sca_DYMOUM-FS-25-39-20150610-01:05:56-7439_rcvdPk:count,/veins_fg/examples/Examples_Veins_fg/Prj_Part1_propag/DYMO/results/DYMOUM-FS-25-39.sca_DYMOUM-FS-25-39-20150610-01:05:56-7439_sentPk:count,/veins_fg/examples/Examples_Veins_fg/Prj_Part1_propag/DYMO/results/DYMOUM-FS-25-40.sca_DYMOUM-FS-25-40-20150610-01:19:28-7601_rcvdPk:count,/veins_fg/examples/Examples_Veins_fg/Prj_Part1_propag/DYMO/results/DYMOUM-FS-25-40.sca_DYMOUM-FS-25-40-20150610-01:19:28-7601_sentPk:count,/veins_fg/examples/Examples_Veins_fg/Prj_Part1_propag/DYMO/results/DYMOUM-FS-25-41.sca_DYMOUM-FS-25-41-20150610-01:24:25-7666_rcvdPk:count,/veins_fg/examples/Examples_Veins_fg/Prj_Part1_propag/DYMO/results/DYMOUM-FS-25-41.sca_DYMOUM-FS-25-41-20150610-01:24:25-7666_sentPk:count,/veins_fg/examples/Examples_Veins_fg/Prj_Part1_propag/DYMO/results/DYMOUM-FS-25-42.sca_DYMOUM-FS-25-42-20150610-01:25:05-7681_rcvdPk:count,/veins_fg/examples/Examples_Veins_fg/Prj_Part1_propag/DYMO/results/DYMOUM-FS-25-42.sca_DYMOUM-FS-25-42-20150610-01:25:05-7681_sentPk:count,/veins_fg/examples/Examples_Veins_fg/Prj_Part1_propag/DYMO/results/DYMOUM-FS-25-43.sca_DYMOUM-FS-25-43-20150610-01:25:55-7698_rcvdPk:count,/veins_fg/examples/Examples_Veins_fg/Prj_Part1_propag/DYMO/results/DYMOUM-FS-25-43.sca_DYMOUM-FS-25-43-20150610-01:25:55-7698_sentPk:count,/veins_fg/examples/Examples_Veins_fg/Prj_Part1_propag/DYMO/results/DYMOUM-FS-25-44.sca_DYMOUM-FS-25-44-20150610-01:38:21-7916_rcvdPk:count,/veins_fg/examples/Examples_Veins_fg/Prj_Part1_propag/DYMO/results/DYMOUM-FS-25-44.sca_DYMOUM-FS-25-44-20150610-01:38:21-7916_sentPk:count,/veins_fg/examples/Examples_Veins_fg/Prj_Part1_propag/DYMO/results/DYMOUM-FS-25-45.sca_DYMOUM-FS-25-45-20150610-01:44:56-7991_rcvdPk:count,/veins_fg/examples/Examples_Veins_fg/Prj_Part1_propag/DYMO/results/DYMOUM-FS-25-45.sca_DYMOUM-FS-25-45-20150610-01:44:56-7991_sentPk:count,/veins_fg/examples/Examples_Veins_fg/Prj_Part1_propag/DYMO/results/DYMOUM-FS-25-46.sca_DYMOUM-FS-25-46-20150610-01:45:03-8002_rcvdPk:count,/veins_fg/examples/Examples_Veins_fg/Prj_Part1_propag/DYMO/results/DYMOUM-FS-25-46.sca_DYMOUM-FS-25-46-20150610-01:45:03-8002_sentPk:count,/veins_fg/examples/Examples_Veins_fg/Prj_Part1_propag/DYMO/results/DYMOUM-FS-25-47.sca_DYMOUM-FS-25-47-20150610-01:45:25-8015_rcvdPk:count,/veins_fg/examples/Examples_Veins_fg/Prj_Part1_propag/DYMO/results/DYMOUM-FS-25-47.sca_DYMOUM-FS-25-47-20150610-01:45:25-8015_sentPk:count,/veins_fg/examples/Examples_Veins_fg/Prj_Part1_propag/DYMO/results/DYMOUM-FS-25-48.sca_DYMOUM-FS-25-48-20150610-01:56:40-8168_rcvdPk:count,/veins_fg/examples/Examples_Veins_fg/Prj_Part1_propag/DYMO/results/DYMOUM-FS-25-48.sca_DYMOUM-FS-25-48-20150610-01:56:40-8168_sentPk:count,/veins_fg/examples/Examples_Veins_fg/Prj_Part1_propag/DYMO/results/DYMOUM-FS-25-49.sca_DYMOUM-FS-25-49-20150610-02:06:11-8255_rcvdPk:count,/veins_fg/examples/Examples_Veins_fg/Prj_Part1_propag/DYMO/results/DYMOUM-FS-25-49.sca_DYMOUM-FS-25-49-20150610-02:06:11-8255_sentPk:count
scenarioPRJP1.node[13].app,1104,5034,1046,4697,1126,5040,1297,4946,965,5036,1067,4697,1036,5032,1170,4941,1142,4636,1248,5039,1263,5037,1079,5040,1071,4460,1085,5040,898,5038,963,4453,1156,5037,1153,4694,1026,4698,1075,4699,933,4464,978,4947,1117,4468,1020,4636,918,4459,1161,5040,1099,5040,1046,5038,1272,5034,1175,5032,1016,4460,1044,4636,1092,4636,1080,4636,1051,5040,1051,4693,1045,4697,931,5040,1121,5038,1238,5042,1221,5037,1182,5037,1018,4636,1059,4693,951,5037,1020,4694,1168,5043,1061,4697,1273,5038,880,5039
scenarioPRJP1.node[6].app,914,5010,862,5017,898,5016,1050,4859,894,4859,809,5017,863,5016,883,4614,872,5012,1044,4858,875,5021,911,5016,843,5023,815,5016,924,5017,975,4858,912,5012,949,4858,938,5014,999,4614,854,5012,791,4860,809,5010,953,4857,799,5021,878,5016,1036,5016,915,4612,952,5010,958,4615,981,4613,933,4610,926,5012,852,5012,994,5016,900,5017,744,5017,923,5016,917,4860,946,4862,901,4859,913,5012,947,5012,976,4612,918,5017,930,5008,1014,4854,961,5017,992,5017,903,5016
scenarioPRJP1.node[0].app,1093,5029,923,5025,1089,5029,1055,5027,1005,5027,929,5025,966,5020,956,5025,942,5024,1161,5030,1022,5022,970,5029,1062,5032,1197,5029,1096,5025,956,5027,918,5031,1084,5025,1090,5028,909,5022,1045,5030,968,5031,975,5029,962,5028,946,5036,1076,5029,934,5029,1145,5023,1126,5024,1117,5020,1078,5023,1006,5018,990,5024,1070,5024,1024,5029,982,5026,1050,5025,1189,5029,961,5031,850,5030,1002,5030,1039,5024,869,5024,1014,5025,842,5025,946,5028,968,5029,1019,5025,980,5025,961,5033
scenarioPRJP1.node[1].app,1248,5022,1243,5028,1168,5025,1097,5030,1186,5025,1007,5028,1121,5018,1229,5019,1273,5024,1287,5024,1232,5026,1162,5025,1140,5024,1237,5025,1212,5028,1342,5027,1218,5025,1120,5025,1142,5025,1276,5028,1080,5019,1215,5029,1209,5022,1128,5020,1202,5026,1253,5025,1241,5025,1140,5024,1243,5022,1298,5020,1212,5024,1193,5032,1258,5024,1253,5024,1233,5025,1214,5029,1221,5028,1308,5025,1193,5028,1285,5024,1099,5027,1235,5024,1222,5024,1052,5022,1191,5028,1303,5024,1353,5024,1167,5028,1321,5028,1199,5027
scenarioPRJP1.node[14].app,939,4453,949,5019,837,5022,818,5019,848,5022,1054,5019,1022,5021,850,5018,1127,5017,1206,4680,1032,4457,1035,5022,960,5030,942,5022,985,4681,995,5021,1211,5024,917,5020,857,5015,987,5019,881,5029,1039,5020,889,5019,830,5018,896,5027,1101,5022,1062,5022,1161,5018,997,5022,1127,5021,959,5020,1031,5021,1171,5017,872,5017,965,5022,966,5020,940,5019,944,5022,940,5023,976,4454,988,5021,984,4620,1270,5017,1102,5020,953,5019,1161,5019,1056,4445,1260,5019,1003,4681,1098,5022
scenarioPRJP1.node[2].app,1089,5022,1262,5026,1249,5028,1219,5025,1118,5026,1134,5026,1115,5028,1275,5031,1279,5032,1235,5029,1336,5025,1293,5028,1028,5020,1154,5028,1139,5026,1366,5018,1190,5030,1161,5030,1210,5031,1246,5025,1169,5026,1089,5024,1183,5022,1213,5036,1180,5020,1151,5028,1315,5028,1198,5028,1328,5031,1139,5035,1202,5024,1231,5031,1287,5032,1137,5032,1229,5028,1086,5026,1169,5026,1160,5028,1127,5024,1339,5025,1093,5028,1165,5032,1105,5032,1166,5029,1244,5026,1357,5031,1096,5016,1113,5026,1283,5026,1200,5026
scenarioPRJP1.node[15].app,840,4993,1031,5001,1035,4995,1187,4997,1043,5001,1000,5001,1041,5005,1123,4996,1276,5000,842,5001,1169,5002,1051,4995,1142,5000,1001,4995,875,5001,1039,5005,881,5002,1117,4998,996,5000,1275,4993,1028,4985,1145,4998,1080,4993,1056,4997,1097,4991,981,4995,1231,4995,1132,5005,1294,5000,1316,4994,1008,5001,1050,5000,1221,5000,1164,5000,1143,4995,1084,5001,945,5001,1033,4995,962,4996,853,5003,1084,4999,890,5000,1073,5000,1289,5000,1100,5001,965,4997,1279,5006,1056,5001,905,5001,1161,4996
scenarioPRJP1.node[3].app,861,5015,819,5021,1002,5020,1060,5023,1094,5021,787,5021,1189,5018,1051,5027,848,5020,1088,5024,889,5025,888,5020,919,5013,914,5020,884,5021,858,5024,858,5017,1016,5026,859,5024,888,5018,995,5016,837,5021,765,5015,1009,5021,948,5016,811,5020,949,5020,1044,5019,1082,5022,1048,5018,1090,5021,1065,5023,863,5020,887,5020,981,5020,828,5019,750,5021,1009,5020,879,5025,878,5022,828,5023,939,5021,1019,5020,890,5015,731,5027,695,5024,698,5019,1004,5021,832,5021,879,5019
scenarioPRJP1.node[16].app,989,4999,1153,5005,1075,5003,1312,5004,1115,5001,799,5005,1006,5005,1268,5005,1287,5002,1146,5004,1120,4996,1028,5003,1082,5006,1272,5003,1034,5005,1086,4998,1000,5004,1123,5000,1187,5002,1220,5003,1163,5008,1172,5006,1041,4999,1045,5005,1091,5005,1147,5003,897,5003,1216,5004,1080,5006,992,5005,1182,5003,1339,4999,983,5002,831,5002,1103,5003,1204,5000,1191,5005,1171,5003,1186,5004,1125,5004,1114,5001,1006,5010,1238,5002,943,5004,934,5005,942,5004,1218,5000,1145,5005,1011,5005,970,5006
scenarioPRJP1.node[4].app,1154,5028,1043,5023,1163,5019,1183,5021,1242,5019,1270,5023,1165,5024,1349,5017,1225,5024,1344,5016,1214,5026,1111,5019,1075,5027,1191,5019,1222,5023,1277,5017,1155,5021,1146,5016,1435,5017,1254,5019,1250,5024,1202,5018,1076,5028,1146,5023,1193,5031,1251,5019,1158,5019,1350,5023,1186,5021,1367,5024,1166,5025,1156,5018,1151,5024,1205,5024,1140,5019,1096,5017,1359,5023,1271,5019,1274,5017,1099,5023,1106,5020,1190,5022,1248,5024,1105,5029,980,5023,1318,5018,1248,5027,1320,5023,1273,5023,1188,5019
scenarioPRJP1.node[5].app,1195,4991,1312,4989,1148,4988,1111,4987,1178,4989,1093,4989,1184,4988,1069,4987,1207,4992,1207,4994,1228,4987,1228,4988,1072,4986,1073,4988,1086,4988,1137,4985,1145,4987,1127,4985,1089,4993,1269,4990,1121,4985,1053,4991,1107,4991,1209,4995,1127,4993,1340,4988,1168,4988,1076,4987,1190,4994,1181,4978,1078,4980,1241,4987,1253,4992,1042,4992,1116,4988,1165,4987,1039,4989,1200,4988,1143,4990,1011,4984,1081,4986,1188,4992,1215,4992,1154,4990,1148,4989,1182,4992,1171,4986,1120,4989,1153,4988,1143,4987
scenarioPRJP1.node[17].app,954,4997,1114,5003,974,4997,1076,4995,984,4997,942,5003,1256,4993,1109,5001,1022,4998,1205,4995,1119,5006,1029,4997,945,4992,1030,4997,1229,5003,1058,4993,954,4997,989,5000,818,4996,1007,5001,930,4998,880,4996,817,4997,996,4998,1014,4994,1009,4997,1130,4997,1073,4999,994,4993,1071,4993,1105,4998,1112,4996,1002,4998,979,4998,958,4997,1032,4998,1023,5003,923,4997,846,4997,1267,5003,1013,4996,921,4995,958,4998,959,5001,960,5003,1035,4998,979,4995,1051,5003,1248,5003,956,4996
scenarioPRJP1.node[24].app,1248,5019,912,5022,1227,5014,1413,5017,1050,5013,1232,5022,1054,5018,1418,5013,1053,5011,891,5021,1133,5012,1082,5014,1136,5012,1269,5014,1228,5022,1030,5015,974,5015,1290,5013,1197,5019,1037,5018,782,5009,875,5016,952,5019,1051,5011,1113,5008,1037,5014,1253,5014,1089,5016,1082,4679,1301,5021,987,5012,965,5015,1285,5011,1258,5011,1081,5014,991,5011,1177,5022,885,5014,1011,5020,985,5018,970,4922,1024,5011,1017,5011,989,5006,949,4676,1337,5015,810,5012,1113,5022,1098,5022,1083,5015
scenarioPRJP1.node[7].app,999,5005,1188,5007,1023,5010,979,5010,1066,5008,1050,5007,1030,5008,983,5006,995,5006,1022,5003,1044,5009,1076,5010,1001,5011,1008,5010,1001,5005,1050,5006,1021,5012,1156,5010,1037,5010,1054,4999,985,5011,1026,5005,891,5005,1003,5006,1056,5006,1122,5010,1032,5010,1079,5007,951,5011,1040,5008,987,5004,1144,5005,1129,5006,999,5006,984,5010,1139,5005,1079,5007,1025,5010,1057,5005,1012,5006,1064,5007,997,5009,910,5006,944,5012,889,5007,1093,5006,1079,5009,1025,5007,1033,5005,1053,5005
scenarioPRJP1.node[18].app,1013,5019,923,5013,922,5007,1156,5009,1025,5006,839,5013,1134,5014,1109,5022,943,5013,964,5014,1028,5010,956,5007,968,5011,947,5007,878,5013,970,5020,1277,5011,989,5014,1028,5015,1144,5017,960,5019,1161,5011,972,5019,865,5014,1017,5023,1076,5007,972,5007,966,5013,905,5013,928,5014,926,5011,1003,5016,966,5013,1125,5013,1044,5007,866,5010,1095,5013,1058,5007,955,5007,1037,5014,1052,5009,1087,5011,954,5013,993,5014,803,5013,1054,5016,934,5017,1060,5013,955,5013,1184,5005
scenarioPRJP1.node[8].app,1116,5016,1157,5015,1035,5019,1139,5019,1065,5020,1008,5015,1135,5018,1021,5020,971,5024,1093,5020,1035,5028,1108,5019,1052,5020,1030,5019,1069,5015,1137,5021,1052,5023,1059,5014,1206,5020,1019,5017,978,5018,937,5018,931,5016,949,5024,922,5023,1106,5019,1063,5019,983,5012,1055,5023,927,5018,1089,5015,1073,5019,967,5024,1000,5024,1025,5019,936,5023,1028,5015,965,5019,1088,5016,980,5013,1065,5019,1034,5016,945,5024,1078,5009,1113,5015,1093,5014,1017,5013,1153,5015,1135,5015,1140,5020
scenarioPRJP1.node[19].app,984,5010,899,5006,1264,5014,962,5012,1004,5016,1248,5006,1063,5011,898,5009,870,5011,1186,5008,1151,5014,1069,5014,900,5019,1052,5014,992,5006,950,5014,1121,5010,1159,5015,986,5014,1296,5009,931,5021,1203,5012,1093,5010,1099,5011,1206,5015,1099,5014,1203,5014,1017,5010,1350,5010,1301,5011,1029,5019,1047,5009,1295,5011,1162,5011,1226,5014,1194,5016,920,5006,1133,5014,1002,5014,1001,5010,943,5015,955,5012,807,5011,1104,5015,1134,5006,893,5011,1019,5019,905,5006,1061,5006,1249,5014
scenarioPRJP1.node[9].app,1036,5026,1080,5017,981,5018,1126,5020,1098,5018,988,5017,1208,5022,1128,5016,1003,5020,1063,5020,939,5018,1005,5018,1069,5029,1105,5018,908,5017,969,5018,1028,5012,1065,5016,1104,5020,1246,5021,944,5017,1000,5015,1040,5026,1053,5018,991,5010,1014,5018,1044,5018,1187,5010,879,5016,1074,5017,962,5021,1104,5016,1073,5020,997,5020,989,5018,999,5011,956,5017,999,5018,1126,5016,982,5016,924,5020,973,5020,1142,5020,998,5013,940,5017,1029,5015,1076,5022,1096,5017,1022,5017,1142,5019
scenarioPRJP1.node[20].app,1195,5016,1253,5008,1158,5013,1113,5013,991,5011,1031,5008,964,5008,1156,5013,1288,5013,1146,5011,1048,5003,1196,5013,1215,5004,1263,5013,1193,5008,1281,5014,1080,5015,1141,5009,1371,5011,1198,5015,1280,5005,1179,5012,1208,5016,1071,5012,998,5008,1346,5013,1243,5013,1208,5014,1141,5010,1116,5015,1313,5008,1282,5010,1187,5013,1086,5013,1096,5013,995,5012,1231,5008,1280,5013,1272,5011,896,5006,1085,5012,1128,5013,1217,5013,1196,5011,999,5008,1273,5006,1340,5013,1252,5008,838,5008,925,5015
scenarioPRJP1.node[10].app,1057,5000,1120,5003,1013,4997,1109,4997,1120,4997,1064,5003,1084,5000,1039,4997,1168,4997,1098,4992,1116,5000,1114,4997,1018,4996,1151,4997,1061,5003,1096,5001,1173,5002,1098,4995,1092,4999,1178,5001,959,5003,1058,4999,1024,5000,1072,4996,972,4992,1148,4997,1020,4997,1096,5002,1085,5002,1169,5000,1060,5005,1048,4998,1093,4997,1004,4997,1096,4997,1077,5004,1023,5003,1110,4997,1023,4994,1035,5000,971,4998,1049,4999,1192,4997,1064,5005,981,5003,1163,5004,1191,4997,1115,5003,1121,5003,1057,4995
scenarioPRJP1.node[21].app,1183,5009,1145,4991,975,4997,1138,5001,927,5000,1043,4991,775,4994,1101,5004,1355,4999,1388,5005,1161,5001,1274,4997,1233,4996,1215,4997,1203,4991,1375,5005,1072,4996,1125,5001,1100,4997,1147,5002,1099,4999,938,4998,1283,5009,940,4995,864,5001,1286,4997,959,4997,1163,5001,1173,4994,1067,5004,1177,4998,1371,5001,1169,4999,1005,4999,1110,4997,1103,4992,1070,4991,1156,4997,1023,4996,1303,5003,1091,4999,1307,4999,1211,4999,1042,4996,1199,4991,1204,4997,1259,4995,1099,4991,1257,4991,1025,4998
scenarioPRJP1.node[11].app,1309,5000,1048,5005,1107,5007,1152,5003,1038,5006,1175,5005,1134,5007,1214,5000,1156,5003,1179,5002,1205,5001,1174,5007,1081,5001,1076,5007,1094,5005,1059,5012,1102,5000,1192,5001,1206,5008,1136,5000,1029,5010,1093,5004,1228,5000,1167,4998,1032,5000,1151,5007,1232,5007,1206,5007,1189,5006,1269,5007,1135,5017,1032,5002,1100,5003,1120,5003,1211,5007,1129,5004,1138,5005,1085,5007,1228,5005,1078,5002,1102,5003,1121,5003,1122,5003,1264,5007,1105,5005,1117,5002,1174,5004,1094,5005,1215,5005,1277,5008
scenarioPRJP1.node[22].app,1005,5002,1149,5007,1004,5003,1012,5004,1221,5008,1087,5007,1034,4607,916,5007,1202,5004,1132,5005,1072,5010,1206,5003,1121,5003,1135,5003,1134,5007,1194,5004,1119,4668,1038,5005,1058,5001,955,5013,1044,5000,927,5008,1203,5002,1000,5002,1036,5009,1233,5003,1234,5003,1155,5001,1003,5001,951,5010,1215,5010,1165,5011,940,5004,1096,5004,987,5003,869,5006,1076,5007,1052,5003,936,5009,1174,4999,945,5005,1226,5004,1193,5004,812,5006,984,5007,964,5003,1190,5008,1138,5007,1313,5007,1120,4920
scenarioPRJP1.node[12].app,949,5013,985,5018,953,5015,900,5013,1001,5013,855,5018,1011,5022,928,5013,930,5013,1019,5020,985,5024,1101,5015,971,5019,956,5015,989,5018,934,5021,864,5013,894,5012,969,5013,931,5016,862,5022,972,5015,968,5013,860,5016,971,5018,992,5015,928,5015,955,5023,1023,5017,1021,5017,990,5023,1005,5009,1001,5013,1084,5013,916,5015,905,5013,981,5018,990,5015,789,5013,910,5012,1081,5016,1002,5013,1030,5013,860,5023,938,5018,978,5014,1009,5023,925,5018,967,5018,1119,5012
scenarioPRJP1.node[23].app,1287,5025,921,5020,1048,5020,985,5023,1125,5022,1120,5020,1163,5020,1006,5014,1096,5022,1134,5022,955,5023,1019,5020,942,5019,966,5020,940,5020,970,5023,837,5022,832,5024,1046,5016,864,5023,888,5023,970,5020,871,5025,1086,5018,1081,5021,1079,5020,865,5020,1049,5021,1000,5025,1211,5020,987,5027,1033,5015,994,5022,999,5022,890,5020,875,5019,1285,5020,1049,5020,1210,5022,1044,5025,788,5022,1133,5018,1052,5022,837,5025,996,5020,1047,5019,1055,5024,1207,5020,863,5020,1009,5023
