Module,/veins_fg/examples/Examples_Veins_fg/Prj_Part1_propag/75/AODVRouting-LNS-75n-0.sca_AODVRouting-LNS-75n-0-20150710-17:38:41-20848_endToEndDelay:histogram:mean,/veins_fg/examples/Examples_Veins_fg/Prj_Part1_propag/75/AODVRouting-LNS-75n-0.sca_AODVRouting-LNS-75n-0-20150710-17:38:41-20848_rcvdPk:count,/veins_fg/examples/Examples_Veins_fg/Prj_Part1_propag/75/AODVRouting-LNS-75n-0.sca_AODVRouting-LNS-75n-0-20150710-17:38:41-20848_sentPk:count,/veins_fg/examples/Examples_Veins_fg/Prj_Part1_propag/75/AODVRouting-LNS-75n-1.sca_AODVRouting-LNS-75n-1-20150710-17:38:41-20846_endToEndDelay:histogram:mean,/veins_fg/examples/Examples_Veins_fg/Prj_Part1_propag/75/AODVRouting-LNS-75n-1.sca_AODVRouting-LNS-75n-1-20150710-17:38:41-20846_rcvdPk:count,/veins_fg/examples/Examples_Veins_fg/Prj_Part1_propag/75/AODVRouting-LNS-75n-1.sca_AODVRouting-LNS-75n-1-20150710-17:38:41-20846_sentPk:count,/veins_fg/examples/Examples_Veins_fg/Prj_Part1_propag/75/AODVRouting-LNS-75n-2.sca_AODVRouting-LNS-75n-2-20150710-17:38:41-20844_endToEndDelay:histogram:mean,/veins_fg/examples/Examples_Veins_fg/Prj_Part1_propag/75/AODVRouting-LNS-75n-2.sca_AODVRouting-LNS-75n-2-20150710-17:38:41-20844_rcvdPk:count,/veins_fg/examples/Examples_Veins_fg/Prj_Part1_propag/75/AODVRouting-LNS-75n-2.sca_AODVRouting-LNS-75n-2-20150710-17:38:41-20844_sentPk:count,/veins_fg/examples/Examples_Veins_fg/Prj_Part1_propag/75/AODVRouting-LNS-75n-3.sca_AODVRouting-LNS-75n-3-20150710-17:38:41-20847_endToEndDelay:histogram:mean,/veins_fg/examples/Examples_Veins_fg/Prj_Part1_propag/75/AODVRouting-LNS-75n-3.sca_AODVRouting-LNS-75n-3-20150710-17:38:41-20847_rcvdPk:count,/veins_fg/examples/Examples_Veins_fg/Prj_Part1_propag/75/AODVRouting-LNS-75n-3.sca_AODVRouting-LNS-75n-3-20150710-17:38:41-20847_sentPk:count,/veins_fg/examples/Examples_Veins_fg/Prj_Part1_propag/75/AODVRouting-LNS-75n-4.sca_AODVRouting-LNS-75n-4-20150711-09:40:19-26171_endToEndDelay:histogram:mean,/veins_fg/examples/Examples_Veins_fg/Prj_Part1_propag/75/AODVRouting-LNS-75n-4.sca_AODVRouting-LNS-75n-4-20150711-09:40:19-26171_rcvdPk:count,/veins_fg/examples/Examples_Veins_fg/Prj_Part1_propag/75/AODVRouting-LNS-75n-4.sca_AODVRouting-LNS-75n-4-20150711-09:40:19-26171_sentPk:count,/veins_fg/examples/Examples_Veins_fg/Prj_Part1_propag/75/AODVRouting-LNS-75n-5.sca_AODVRouting-LNS-75n-5-20150711-09:40:19-26170_endToEndDelay:histogram:mean,/veins_fg/examples/Examples_Veins_fg/Prj_Part1_propag/75/AODVRouting-LNS-75n-5.sca_AODVRouting-LNS-75n-5-20150711-09:40:19-26170_rcvdPk:count,/veins_fg/examples/Examples_Veins_fg/Prj_Part1_propag/75/AODVRouting-LNS-75n-5.sca_AODVRouting-LNS-75n-5-20150711-09:40:19-26170_sentPk:count,/veins_fg/examples/Examples_Veins_fg/Prj_Part1_propag/75/AODVRouting-LNS-75n-6.sca_AODVRouting-LNS-75n-6-20150711-09:40:19-26172_endToEndDelay:histogram:mean,/veins_fg/examples/Examples_Veins_fg/Prj_Part1_propag/75/AODVRouting-LNS-75n-6.sca_AODVRouting-LNS-75n-6-20150711-09:40:19-26172_rcvdPk:count,/veins_fg/examples/Examples_Veins_fg/Prj_Part1_propag/75/AODVRouting-LNS-75n-6.sca_AODVRouting-LNS-75n-6-20150711-09:40:19-26172_sentPk:count,/veins_fg/examples/Examples_Veins_fg/Prj_Part1_propag/75/AODVRouting-LNS-75n-7.sca_AODVRouting-LNS-75n-7-20150712-00:00:15-30466_endToEndDelay:histogram:mean,/veins_fg/examples/Examples_Veins_fg/Prj_Part1_propag/75/AODVRouting-LNS-75n-7.sca_AODVRouting-LNS-75n-7-20150712-00:00:15-30466_rcvdPk:count,/veins_fg/examples/Examples_Veins_fg/Prj_Part1_propag/75/AODVRouting-LNS-75n-7.sca_AODVRouting-LNS-75n-7-20150712-00:00:15-30466_sentPk:count,/veins_fg/examples/Examples_Veins_fg/Prj_Part1_propag/75/AODVRouting-LNS-75n-8.sca_AODVRouting-LNS-75n-8-20150712-00:08:20-30516_endToEndDelay:histogram:mean,/veins_fg/examples/Examples_Veins_fg/Prj_Part1_propag/75/AODVRouting-LNS-75n-8.sca_AODVRouting-LNS-75n-8-20150712-00:08:20-30516_rcvdPk:count,/veins_fg/examples/Examples_Veins_fg/Prj_Part1_propag/75/AODVRouting-LNS-75n-8.sca_AODVRouting-LNS-75n-8-20150712-00:08:20-30516_sentPk:count,/veins_fg/examples/Examples_Veins_fg/Prj_Part1_propag/75/AODVRouting-LNS-75n-9.sca_AODVRouting-LNS-75n-9-20150712-00:18:24-30559_endToEndDelay:histogram:mean,/veins_fg/examples/Examples_Veins_fg/Prj_Part1_propag/75/AODVRouting-LNS-75n-9.sca_AODVRouting-LNS-75n-9-20150712-00:18:24-30559_rcvdPk:count,/veins_fg/examples/Examples_Veins_fg/Prj_Part1_propag/75/AODVRouting-LNS-75n-9.sca_AODVRouting-LNS-75n-9-20150712-00:18:24-30559_sentPk:count,/veins_fg/examples/Examples_Veins_fg/Prj_Part1_propag/75/AODVRouting-LNS-75n-10.sca_AODVRouting-LNS-75n-10-20150712-14:25:53-2734_endToEndDelay:histogram:mean,/veins_fg/examples/Examples_Veins_fg/Prj_Part1_propag/75/AODVRouting-LNS-75n-10.sca_AODVRouting-LNS-75n-10-20150712-14:25:53-2734_rcvdPk:count,/veins_fg/examples/Examples_Veins_fg/Prj_Part1_propag/75/AODVRouting-LNS-75n-10.sca_AODVRouting-LNS-75n-10-20150712-14:25:53-2734_sentPk:count,/veins_fg/examples/Examples_Veins_fg/Prj_Part1_propag/75/AODVRouting-LNS-75n-11.sca_AODVRouting-LNS-75n-11-20150712-14:34:23-2803_endToEndDelay:histogram:mean,/veins_fg/examples/Examples_Veins_fg/Prj_Part1_propag/75/AODVRouting-LNS-75n-11.sca_AODVRouting-LNS-75n-11-20150712-14:34:23-2803_rcvdPk:count,/veins_fg/examples/Examples_Veins_fg/Prj_Part1_propag/75/AODVRouting-LNS-75n-11.sca_AODVRouting-LNS-75n-11-20150712-14:34:23-2803_sentPk:count,/veins_fg/examples/Examples_Veins_fg/Prj_Part1_propag/75/AODVRouting-LNS-75n-12.sca_AODVRouting-LNS-75n-12-20150712-14:48:49-2868_endToEndDelay:histogram:mean,/veins_fg/examples/Examples_Veins_fg/Prj_Part1_propag/75/AODVRouting-LNS-75n-12.sca_AODVRouting-LNS-75n-12-20150712-14:48:49-2868_rcvdPk:count,/veins_fg/examples/Examples_Veins_fg/Prj_Part1_propag/75/AODVRouting-LNS-75n-12.sca_AODVRouting-LNS-75n-12-20150712-14:48:49-2868_sentPk:count,/veins_fg/examples/Examples_Veins_fg/Prj_Part1_propag/75/DSRUU-LNS-75n-0.sca_DSRUU-LNS-75n-0-20150711-09:37:04-21901_endToEndDelay:histogram:mean,/veins_fg/examples/Examples_Veins_fg/Prj_Part1_propag/75/DSRUU-LNS-75n-0.sca_DSRUU-LNS-75n-0-20150711-09:37:04-21901_rcvdPk:count,/veins_fg/examples/Examples_Veins_fg/Prj_Part1_propag/75/DSRUU-LNS-75n-0.sca_DSRUU-LNS-75n-0-20150711-09:37:04-21901_sentPk:count,/veins_fg/examples/Examples_Veins_fg/Prj_Part1_propag/75/DSRUU-LNS-75n-1.sca_DSRUU-LNS-75n-1-20150711-09:37:04-21907_endToEndDelay:histogram:mean,/veins_fg/examples/Examples_Veins_fg/Prj_Part1_propag/75/DSRUU-LNS-75n-1.sca_DSRUU-LNS-75n-1-20150711-09:37:04-21907_rcvdPk:count,/veins_fg/examples/Examples_Veins_fg/Prj_Part1_propag/75/DSRUU-LNS-75n-1.sca_DSRUU-LNS-75n-1-20150711-09:37:04-21907_sentPk:count,/veins_fg/examples/Examples_Veins_fg/Prj_Part1_propag/75/DSRUU-LNS-75n-2.sca_DSRUU-LNS-75n-2-20150711-09:37:04-21908_endToEndDelay:histogram:mean,/veins_fg/examples/Examples_Veins_fg/Prj_Part1_propag/75/DSRUU-LNS-75n-2.sca_DSRUU-LNS-75n-2-20150711-09:37:04-21908_rcvdPk:count,/veins_fg/examples/Examples_Veins_fg/Prj_Part1_propag/75/DSRUU-LNS-75n-2.sca_DSRUU-LNS-75n-2-20150711-09:37:04-21908_sentPk:count,/veins_fg/examples/Examples_Veins_fg/Prj_Part1_propag/75/DSRUU-LNS-75n-3.sca_DSRUU-LNS-75n-3-20150711-23:02:54-9289_endToEndDelay:histogram:mean,/veins_fg/examples/Examples_Veins_fg/Prj_Part1_propag/75/DSRUU-LNS-75n-3.sca_DSRUU-LNS-75n-3-20150711-23:02:54-9289_rcvdPk:count,/veins_fg/examples/Examples_Veins_fg/Prj_Part1_propag/75/DSRUU-LNS-75n-3.sca_DSRUU-LNS-75n-3-20150711-23:02:54-9289_sentPk:count,/veins_fg/examples/Examples_Veins_fg/Prj_Part1_propag/75/DSRUU-LNS-75n-4.sca_DSRUU-LNS-75n-4-20150711-23:03:29-9303_endToEndDelay:histogram:mean,/veins_fg/examples/Examples_Veins_fg/Prj_Part1_propag/75/DSRUU-LNS-75n-4.sca_DSRUU-LNS-75n-4-20150711-23:03:29-9303_rcvdPk:count,/veins_fg/examples/Examples_Veins_fg/Prj_Part1_propag/75/DSRUU-LNS-75n-4.sca_DSRUU-LNS-75n-4-20150711-23:03:29-9303_sentPk:count,/veins_fg/examples/Examples_Veins_fg/Prj_Part1_propag/75/DSRUU-LNS-75n-5.sca_DSRUU-LNS-75n-5-20150711-23:09:31-9327_endToEndDelay:histogram:mean,/veins_fg/examples/Examples_Veins_fg/Prj_Part1_propag/75/DSRUU-LNS-75n-5.sca_DSRUU-LNS-75n-5-20150711-23:09:31-9327_rcvdPk:count,/veins_fg/examples/Examples_Veins_fg/Prj_Part1_propag/75/DSRUU-LNS-75n-5.sca_DSRUU-LNS-75n-5-20150711-23:09:31-9327_sentPk:count,/veins_fg/examples/Examples_Veins_fg/Prj_Part1_propag/75/DSRUU-LNS-75n-6.sca_DSRUU-LNS-75n-6-20150712-12:25:32-8222_endToEndDelay:histogram:mean,/veins_fg/examples/Examples_Veins_fg/Prj_Part1_propag/75/DSRUU-LNS-75n-6.sca_DSRUU-LNS-75n-6-20150712-12:25:32-8222_rcvdPk:count,/veins_fg/examples/Examples_Veins_fg/Prj_Part1_propag/75/DSRUU-LNS-75n-6.sca_DSRUU-LNS-75n-6-20150712-12:25:32-8222_sentPk:count,/veins_fg/examples/Examples_Veins_fg/Prj_Part1_propag/75/DSRUU-LNS-75n-7.sca_DSRUU-LNS-75n-7-20150712-12:25:32-8223_endToEndDelay:histogram:mean,/veins_fg/examples/Examples_Veins_fg/Prj_Part1_propag/75/DSRUU-LNS-75n-7.sca_DSRUU-LNS-75n-7-20150712-12:25:32-8223_rcvdPk:count,/veins_fg/examples/Examples_Veins_fg/Prj_Part1_propag/75/DSRUU-LNS-75n-7.sca_DSRUU-LNS-75n-7-20150712-12:25:32-8223_sentPk:count,/veins_fg/examples/Examples_Veins_fg/Prj_Part1_propag/75/DSRUU-LNS-75n-8.sca_DSRUU-LNS-75n-8-20150712-12:25:32-8224_endToEndDelay:histogram:mean,/veins_fg/examples/Examples_Veins_fg/Prj_Part1_propag/75/DSRUU-LNS-75n-8.sca_DSRUU-LNS-75n-8-20150712-12:25:32-8224_rcvdPk:count,/veins_fg/examples/Examples_Veins_fg/Prj_Part1_propag/75/DSRUU-LNS-75n-8.sca_DSRUU-LNS-75n-8-20150712-12:25:32-8224_sentPk:count,/veins_fg/examples/Examples_Veins_fg/Prj_Part1_propag/75/DYMOUM-LNS-75n-0.sca_DYMOUM-LNS-75n-0-20150710-20:31:42-17651_endToEndDelay:histogram:mean,/veins_fg/examples/Examples_Veins_fg/Prj_Part1_propag/75/DYMOUM-LNS-75n-0.sca_DYMOUM-LNS-75n-0-20150710-20:31:42-17651_rcvdPk:count,/veins_fg/examples/Examples_Veins_fg/Prj_Part1_propag/75/DYMOUM-LNS-75n-0.sca_DYMOUM-LNS-75n-0-20150710-20:31:42-17651_sentPk:count,/veins_fg/examples/Examples_Veins_fg/Prj_Part1_propag/75/DYMOUM-LNS-75n-1.sca_DYMOUM-LNS-75n-1-20150710-20:31:42-17650_endToEndDelay:histogram:mean,/veins_fg/examples/Examples_Veins_fg/Prj_Part1_propag/75/DYMOUM-LNS-75n-1.sca_DYMOUM-LNS-75n-1-20150710-20:31:42-17650_rcvdPk:count,/veins_fg/examples/Examples_Veins_fg/Prj_Part1_propag/75/DYMOUM-LNS-75n-1.sca_DYMOUM-LNS-75n-1-20150710-20:31:42-17650_sentPk:count,/veins_fg/examples/Examples_Veins_fg/Prj_Part1_propag/75/DYMOUM-LNS-75n-2.sca_DYMOUM-LNS-75n-2-20150711-08:16:09-21581_endToEndDelay:histogram:mean,/veins_fg/examples/Examples_Veins_fg/Prj_Part1_propag/75/DYMOUM-LNS-75n-2.sca_DYMOUM-LNS-75n-2-20150711-08:16:09-21581_rcvdPk:count,/veins_fg/examples/Examples_Veins_fg/Prj_Part1_propag/75/DYMOUM-LNS-75n-2.sca_DYMOUM-LNS-75n-2-20150711-08:16:09-21581_sentPk:count,/veins_fg/examples/Examples_Veins_fg/Prj_Part1_propag/75/DYMOUM-LNS-75n-3.sca_DYMOUM-LNS-75n-3-20150711-08:17:15-21598_endToEndDelay:histogram:mean,/veins_fg/examples/Examples_Veins_fg/Prj_Part1_propag/75/DYMOUM-LNS-75n-3.sca_DYMOUM-LNS-75n-3-20150711-08:17:15-21598_rcvdPk:count,/veins_fg/examples/Examples_Veins_fg/Prj_Part1_propag/75/DYMOUM-LNS-75n-3.sca_DYMOUM-LNS-75n-3-20150711-08:17:15-21598_sentPk:count,/veins_fg/examples/Examples_Veins_fg/Prj_Part1_propag/75/DYMOUM-LNS-75n-4.sca_DYMOUM-LNS-75n-4-20150711-20:11:31-8886_endToEndDelay:histogram:mean,/veins_fg/examples/Examples_Veins_fg/Prj_Part1_propag/75/DYMOUM-LNS-75n-4.sca_DYMOUM-LNS-75n-4-20150711-20:11:31-8886_rcvdPk:count,/veins_fg/examples/Examples_Veins_fg/Prj_Part1_propag/75/DYMOUM-LNS-75n-4.sca_DYMOUM-LNS-75n-4-20150711-20:11:31-8886_sentPk:count,/veins_fg/examples/Examples_Veins_fg/Prj_Part1_propag/75/DYMOUM-LNS-75n-5.sca_DYMOUM-LNS-75n-5-20150711-20:16:28-8908_endToEndDelay:histogram:mean,/veins_fg/examples/Examples_Veins_fg/Prj_Part1_propag/75/DYMOUM-LNS-75n-5.sca_DYMOUM-LNS-75n-5-20150711-20:16:28-8908_rcvdPk:count,/veins_fg/examples/Examples_Veins_fg/Prj_Part1_propag/75/DYMOUM-LNS-75n-5.sca_DYMOUM-LNS-75n-5-20150711-20:16:28-8908_sentPk:count,/veins_fg/examples/Examples_Veins_fg/Prj_Part1_propag/75/DYMOUM-LNS-75n-7.sca_DYMOUM-LNS-75n-7-20150712-12:26:43-8297_endToEndDelay:histogram:mean,/veins_fg/examples/Examples_Veins_fg/Prj_Part1_propag/75/DYMOUM-LNS-75n-7.sca_DYMOUM-LNS-75n-7-20150712-12:26:43-8297_rcvdPk:count,/veins_fg/examples/Examples_Veins_fg/Prj_Part1_propag/75/DYMOUM-LNS-75n-7.sca_DYMOUM-LNS-75n-7-20150712-12:26:43-8297_sentPk:count,/veins_fg/examples/Examples_Veins_fg/Prj_Part1_propag/75/DYMOUM-LNS-75n-8.sca_DYMOUM-LNS-75n-8-20150713-00:39:10-11054_endToEndDelay:histogram:mean,/veins_fg/examples/Examples_Veins_fg/Prj_Part1_propag/75/DYMOUM-LNS-75n-8.sca_DYMOUM-LNS-75n-8-20150713-00:39:10-11054_rcvdPk:count,/veins_fg/examples/Examples_Veins_fg/Prj_Part1_propag/75/DYMOUM-LNS-75n-8.sca_DYMOUM-LNS-75n-8-20150713-00:39:10-11054_sentPk:count,/veins_fg/examples/Examples_Veins_fg/Prj_Part1_propag/75/DYMOUM-LNS-75n-21.sca_DYMOUM-LNS-75n-21-20150713-00:51:35-15598_endToEndDelay:histogram:mean,/veins_fg/examples/Examples_Veins_fg/Prj_Part1_propag/75/DYMOUM-LNS-75n-21.sca_DYMOUM-LNS-75n-21-20150713-00:51:35-15598_rcvdPk:count,/veins_fg/examples/Examples_Veins_fg/Prj_Part1_propag/75/DYMOUM-LNS-75n-21.sca_DYMOUM-LNS-75n-21-20150713-00:51:35-15598_sentPk:count,/veins_fg/examples/Examples_Veins_fg/Prj_Part1_propag/75/DYMOUM-LNS-75n-22.sca_DYMOUM-LNS-75n-22-20150713-00:51:12-15595_endToEndDelay:histogram:mean,/veins_fg/examples/Examples_Veins_fg/Prj_Part1_propag/75/DYMOUM-LNS-75n-22.sca_DYMOUM-LNS-75n-22-20150713-00:51:12-15595_rcvdPk:count,/veins_fg/examples/Examples_Veins_fg/Prj_Part1_propag/75/DYMOUM-LNS-75n-22.sca_DYMOUM-LNS-75n-22-20150713-00:51:12-15595_sentPk:count,/veins_fg/examples/Examples_Veins_fg/Prj_Part1_propag/75/DYMOUM-LNS-75n-23.sca_DYMOUM-LNS-75n-23-20150712-13:02:04-12403_endToEndDelay:histogram:mean,/veins_fg/examples/Examples_Veins_fg/Prj_Part1_propag/75/DYMOUM-LNS-75n-23.sca_DYMOUM-LNS-75n-23-20150712-13:02:04-12403_rcvdPk:count,/veins_fg/examples/Examples_Veins_fg/Prj_Part1_propag/75/DYMOUM-LNS-75n-23.sca_DYMOUM-LNS-75n-23-20150712-13:02:04-12403_sentPk:count,/veins_fg/examples/Examples_Veins_fg/Prj_Part1_propag/75/DYMOUM-LNS-75n-24.sca_DYMOUM-LNS-75n-24-20150712-13:04:32-12535_endToEndDelay:histogram:mean,/veins_fg/examples/Examples_Veins_fg/Prj_Part1_propag/75/DYMOUM-LNS-75n-24.sca_DYMOUM-LNS-75n-24-20150712-13:04:32-12535_rcvdPk:count,/veins_fg/examples/Examples_Veins_fg/Prj_Part1_propag/75/DYMOUM-LNS-75n-24.sca_DYMOUM-LNS-75n-24-20150712-13:04:32-12535_sentPk:count
scenarioPRJP1.node[67].app,1.80345,1143,5015,1.99615,970,4899,1.89145,1027,5015,1.8195,1020,5018,2.10025,1045,5013,2.03755,1058,5013,1.81768,1054,5016,1.99399,1000,5020,1.74574,1007,4601,2.00116,1020,4599,2.13801,1099,5020,1.79455,1185,5012,1.81977,1105,4624,7.64256,996,5019,7.1376,941,4901,7.39738,996,5026,7.42727,1050,5022,7.51047,1023,5026,7.40683,997,5018,7.31507,1038,5022,7.33286,1109,5025,7.50869,1030,4603,3.03348,1589,5022,2.84948,1512,4915,2.94998,1525,5022,2.86458,1483,5021,2.83149,1604,5026,2.81389,1547,5013,2.82889,1653,5029,2.74242,1456,4609,2.86743,1534,5024,2.79329,1601,5027,2.64673,1493,4599,2.83328,1551,5026
scenarioPRJP1.node[55].app,1.98876,1209,5007,2.15341,1049,5016,1.92674,1314,5008,1.9346,1099,5008,1.83256,1218,5003,1.90042,1128,5008,1.72763,1206,5012,1.84273,1211,5012,1.96805,1138,5006,1.99255,1025,4607,1.88358,1164,5008,2.08986,1177,5009,1.97794,941,5007,7.35988,1096,5012,7.52914,956,5014,7.40175,1020,5010,7.51546,965,5014,7.45077,1078,5012,7.42415,1080,4997,7.32074,1064,5007,7.52284,1149,5013,7.24244,1106,5009,2.97843,1581,5034,2.73526,1513,5032,2.91606,1571,5040,2.75326,1580,5037,2.85517,1582,5034,2.63793,1552,5039,2.89455,1535,5032,2.81756,1557,5037,2.78577,1566,5029,2.6559,1525,5038,2.98345,1367,4635,2.74057,1603,5038
scenarioPRJP1.node[57].app,2.05296,1090,5004,1.95284,1240,5018,2.19199,1017,5014,1.95737,1186,5009,1.89477,1156,5011,2.05563,950,5020,1.88955,1158,5015,2.11749,1129,5011,1.73086,1293,5014,1.85321,1064,5009,2.05428,1115,5011,1.79695,1214,5020,1.77835,1169,5008,7.4865,936,5022,7.51519,941,5014,7.3892,1137,5014,7.71389,957,5018,7.32654,1043,5016,7.4569,1009,5016,7.56577,947,5010,7.12292,987,5015,7.71861,1024,5009,2.76572,1510,5025,2.90846,1562,5026,2.82698,1591,5024,2.80295,1538,5024,2.94853,1497,5016,2.73623,1561,5021,2.91206,1528,5029,2.80587,1592,5026,2.98355,1481,5022,2.82142,1590,5021,2.64937,1704,4979,2.81737,1645,5022
scenarioPRJP1.node[54].app,2.05133,966,5011,1.96781,1076,5015,1.92939,1152,4860,2.04773,1069,5011,1.91475,935,5011,2.06639,1068,5007,1.77571,1253,5020,1.8745,1116,5009,1.66907,1220,5018,1.90632,1174,5011,2.04878,867,5015,1.97865,1286,5009,2.06676,990,5010,7.4737,1060,5001,7.19354,1179,5006,7.44259,931,4854,7.38132,1133,5003,7.68409,987,5000,7.62498,1032,5003,7.66061,1000,5006,7.55897,1021,5003,7.45226,1070,5000,2.86587,1588,5034,2.87321,1632,5026,2.98988,1519,4876,2.61967,1666,5037,2.95645,1505,5031,2.96028,1574,5034,2.91373,1596,5032,2.80784,1497,5031,2.74756,1699,5033,2.85244,1666,5030,2.79928,1610,5030,2.87637,1646,5033
scenarioPRJP1.node[34].app,1.94726,1031,5010,1.79084,1169,5008,2.02645,1136,5012,1.84043,1197,5006,1.98575,1085,5010,1.88234,1237,5018,1.9016,1177,5008,1.95924,1197,5017,1.97468,1210,5015,1.90546,1165,5012,1.97412,929,5014,1.88962,1211,5015,1.84914,1212,5015,7.45822,1079,5002,7.32054,1043,5002,7.68813,1021,4992,7.62186,1043,4994,7.33684,1169,5001,7.19365,1087,4997,7.61961,959,4993,7.67901,972,4993,7.56345,955,4992,2.91495,1518,5018,2.79657,1590,5016,3.0044,1472,5026,2.88926,1519,5019,2.72546,1576,5016,2.76493,1624,5017,2.82587,1462,5014,2.95192,1481,5016,2.88457,1583,5014,2.9109,1539,5015,3.02194,1513,5019,2.89691,1599,5018
scenarioPRJP1.node[5].app,1.80512,1123,5009,1.89241,1151,5005,1.83346,1147,5011,1.86515,984,5006,1.91462,1109,5009,1.88285,1046,5010,1.80752,1219,5004,1.71039,1158,5009,1.85045,1121,5016,1.87306,1201,5011,1.91813,1218,5008,1.9558,1021,5009,1.74121,1121,5000,7.2541,1169,5003,7.69752,989,5004,7.51866,1140,5005,7.65502,1078,5003,7.41542,1004,5005,7.2682,1059,5010,7.49875,1054,5014,7.52229,1144,5008,7.61255,997,5012,2.74623,1701,5016,2.77086,1573,5022,2.86449,1619,5024,2.79375,1655,5024,2.81638,1637,5028,2.82998,1615,5024,2.78119,1646,5027,2.76611,1637,5023,2.85747,1682,5021,3.01916,1520,5028,2.88117,1644,5027,2.9008,1629,5022
scenarioPRJP1.node[74].app,1.94224,1221,5018,1.85588,916,5018,2.14926,1018,5023,1.85092,1082,5026,1.81294,1110,5019,2.0095,1090,5010,1.85933,1114,4899,1.95081,1113,5018,1.78494,1288,5021,2.13871,1046,5020,1.85898,1149,5018,1.94137,1201,5014,1.87515,1110,5017,7.11333,1128,5005,7.38553,1044,5011,7.34481,1074,5003,7.56687,1142,5011,7.74345,1014,5006,7.51382,1045,5005,7.51423,1053,4891,7.30619,957,5008,7.5266,1003,5008,2.71939,1613,5018,2.90876,1428,5017,2.70839,1541,5015,2.85142,1519,5017,2.70613,1455,5023,2.6871,1596,5023,2.8501,1539,5014,2.69879,1556,5017,2.91325,1550,5022,2.72995,1646,5013,2.7233,1577,5013,2.78932,1501,5013
scenarioPRJP1.node[70].app,1.82618,1033,5009,1.95498,1019,5006,2.01845,1116,5005,1.8773,1229,5006,1.92849,1136,5000,2.09725,1096,4997,1.85913,1222,5003,2.00755,1077,4881,1.72258,1238,5004,1.79342,1055,5003,1.94635,1178,5007,1.75943,1381,5006,1.90785,1155,5005,7.48803,1028,5011,7.25154,1114,5015,7.46615,979,5016,7.362,1054,5012,7.69881,974,5017,7.53359,1094,5017,7.43786,981,5021,7.73714,993,4891,7.53601,1035,5011,2.80032,1405,5010,2.7408,1589,5008,2.95946,1570,5013,2.80804,1564,5012,2.74005,1481,5018,2.81134,1611,5017,2.76475,1502,4879,2.81003,1523,5011,2.77826,1425,5007,2.85265,1540,5019,2.82175,1563,5014,2.85965,1499,5013
scenarioPRJP1.node[0].app,2.03696,1016,5026,2.11585,1137,5022,1.93595,1048,5025,1.944,1170,5024,1.95608,1085,4862,2.03998,1209,5029,1.95254,991,4395,1.92709,1125,5023,1.64786,1132,4394,2.01377,1194,5022,2.0729,1047,5019,1.87021,1251,5023,1.95385,1209,5022,7.51384,1031,5016,7.33978,1059,5021,7.53368,950,5018,7.49631,911,5021,7.59625,918,4861,7.5931,987,5026,7.61911,826,4392,7.5499,965,5023,7.76878,872,4392,2.9073,1486,5016,3.0245,1455,5017,2.94062,1463,5005,2.94579,1513,5016,3.02027,1420,4854,2.9548,1548,5007,2.86835,1530,5017,2.84141,1211,4379,2.85719,1467,5015,2.94843,1451,5013,2.87771,1502,5006,3.07373,1449,5013
scenarioPRJP1.node[22].app,1.90102,1107,5013,2.05343,1197,5006,2.1937,983,5012,1.89012,1191,5012,2.02442,1036,5012,1.98374,1155,5015,1.77209,1212,5014,2.04141,863,5006,1.92009,1119,5013,1.99278,1169,5008,1.92513,1099,5011,1.92369,997,5003,1.74964,1190,5014,7.34508,1041,5022,7.47592,1041,5017,7.75762,976,5021,7.76548,990,5025,7.47419,1015,5019,7.69517,926,5022,7.504,989,5021,7.3448,1077,5026,7.64162,993,5023,2.89053,1471,5017,2.89434,1518,5020,2.99697,1498,5028,2.80946,1514,5029,2.78998,1437,5022,2.97943,1537,5017,2.86869,1498,5024,3.01472,1465,5026,2.81233,1612,5024,2.74772,1584,5021,2.68728,1617,5022,2.86553,1574,5024
scenarioPRJP1.node[41].app,1.91225,992,5037,2.34397,898,5032,2.02796,1035,5038,2.01514,1164,5041,1.93228,904,5035,2.14568,1034,5031,1.77112,1281,5035,1.98662,1127,5036,1.78315,1302,5037,1.92376,1121,5037,1.9535,1118,5036,1.90688,1239,5041,1.75139,1252,5040,7.51554,1008,5018,7.28603,1109,5010,7.85126,962,5007,7.32748,1015,5007,7.53619,1002,5009,7.23451,1092,5008,7.22079,1100,5011,7.37267,1026,5017,7.13255,1033,5004,2.85188,1538,5005,2.60129,1712,5008,3.00562,1388,5004,2.84825,1576,5002,2.79951,1454,5002,2.79403,1599,5004,2.75428,1539,5008,2.76939,1519,5005,2.89489,1561,5002,2.78808,1629,5010,2.56803,1628,5002,2.72124,1618,5004
scenarioPRJP1.node[61].app,2.21824,931,5027,1.81871,1131,5028,1.90879,1048,5024,2.01436,1115,5019,1.96023,1027,5029,2.16402,926,5033,1.84126,1117,5028,1.95525,1041,5026,1.83079,1069,5020,2.18271,938,5022,1.95728,999,5027,1.89822,1079,5022,1.93477,1114,5023,7.5252,1010,5026,7.47395,1113,5023,7.73865,943,5031,7.63142,981,5025,7.63267,1056,5025,7.79807,1001,5029,7.46518,1058,5020,7.5558,994,5027,7.73121,961,5016,2.94313,1588,5021,2.6339,1555,5020,3.04658,1542,5017,2.92573,1560,5016,2.71669,1566,5021,2.73131,1519,5027,2.9071,1557,5018,2.73423,1537,5028,2.66357,1742,5019,2.85091,1633,5019,2.83409,1562,5019,2.84904,1676,5024
scenarioPRJP1.node[1].app,2.13623,917,4997,1.89989,1011,4994,1.94899,1182,4990,1.80349,1258,4997,2.17158,1045,4990,1.97658,1108,5001,1.8207,1278,4999,1.92021,1204,4995,1.88086,1045,4998,2.11832,1102,4999,1.90358,1189,4993,1.82793,1237,4996,1.96674,1076,4995,7.40267,1093,5014,7.2559,1017,5019,7.46048,1052,5007,7.3763,1177,5013,7.36449,1131,5014,7.37316,1109,5013,7.45714,1078,5010,7.82572,1049,5014,7.5785,1057,5015,2.89687,1679,5054,2.91341,1586,5049,2.84245,1653,5042,2.88836,1524,5047,2.84917,1643,5053,2.81005,1594,5048,2.88587,1619,5054,2.77365,1606,5045,2.80308,1561,5052,2.98902,1601,5055,2.86253,1511,5052,2.99791,1564,5059
scenarioPRJP1.node[23].app,1.82806,988,5020,1.91957,1162,5015,1.9239,1140,5016,1.87923,1033,5009,1.99458,1022,5020,1.84562,1089,5014,1.9447,1205,5011,2.06408,1070,5020,1.81333,1259,5026,1.84483,1133,5012,1.84204,1031,5019,1.71507,1133,5014,1.89384,1080,5013,7.37663,1054,5031,7.26077,1114,5029,7.2338,1157,5029,7.44714,1078,5027,7.81907,997,5025,7.50426,1099,5032,7.42416,1059,5031,7.45109,987,5024,7.508,1049,5038,2.87402,1419,5033,2.9026,1438,5033,3.01038,1460,5034,2.87016,1584,5024,2.93983,1480,5027,2.83234,1507,5025,2.94646,1485,5035,2.85883,1421,5034,2.84435,1591,5034,2.82327,1524,5032,2.77785,1549,5028,2.81694,1572,5025
scenarioPRJP1.node[42].app,1.89592,1103,5010,1.9335,1088,4998,1.96147,1137,5004,1.88466,1130,5005,1.91592,1141,5010,2.10409,1015,5008,2.07216,1176,5005,1.93651,1152,5004,1.76586,1116,5006,1.86708,1238,5005,1.95047,1094,5007,1.75626,1309,5009,1.97206,1219,5001,7.3396,1115,5032,7.57807,948,5031,7.41357,1125,5034,7.73324,940,5031,7.38635,1027,5030,7.68079,895,5026,7.37128,1054,5030,7.64863,1034,5037,7.45043,982,5027,2.79667,1594,5053,2.89927,1520,5049,2.78888,1496,5053,2.84683,1528,5055,2.88624,1610,5040,2.76117,1603,5048,2.71702,1519,5053,2.77152,1489,5041,2.80438,1662,5055,2.6858,1632,5045,2.63293,1724,5049,2.96817,1547,5053
scenarioPRJP1.node[62].app,1.67148,1157,4996,1.90048,1127,5000,2.06599,1085,5002,1.9661,1142,4999,1.94444,1128,4999,2.14086,1094,5005,1.9023,1194,4992,1.82754,1175,4996,1.80136,1133,4992,1.86793,1149,4998,1.85135,1039,4996,1.90047,1219,4993,1.82125,1151,4994,7.35568,1079,5032,7.39977,1036,5031,7.35071,1135,5028,7.46465,1067,5028,7.2028,1058,5040,7.48961,967,5030,7.30789,1048,5025,7.40178,1117,5024,7.78957,980,5028,2.76837,1569,5013,2.70977,1570,5013,2.88861,1592,5006,2.76763,1571,5009,2.76995,1637,5012,2.8146,1577,5003,2.79483,1577,5014,2.69829,1553,4999,2.91246,1605,5008,2.69139,1596,5008,2.65352,1664,5011,2.85071,1563,5011
scenarioPRJP1.node[2].app,1.91334,1159,4993,1.81742,1106,5007,1.7481,1173,5000,1.96254,1190,4998,1.98891,1081,5001,1.91364,1018,5007,1.80811,1292,5013,1.85908,1138,5002,1.75297,1242,5007,2.03861,909,4998,1.98059,1128,5003,1.87415,1162,5009,1.88452,1032,5003,7.45643,1023,5013,7.7679,946,5008,7.3719,989,5011,7.3754,1017,5008,7.63864,1011,5008,7.75621,978,5019,7.36558,1065,5012,7.4371,971,5011,7.87747,957,5016,2.78262,1542,5017,2.66856,1517,5015,2.80557,1552,5010,2.83971,1501,5012,2.8214,1544,5009,2.6132,1523,5024,2.70871,1594,5014,2.78275,1583,5017,2.83689,1511,5013,2.67947,1563,5011,2.74704,1497,5015,2.93755,1603,5012
scenarioPRJP1.node[24].app,1.94122,956,5028,1.85342,1056,5027,1.9383,1091,5021,1.99279,1009,5020,1.77361,976,5026,1.92035,1061,5026,2.01372,956,5024,1.98223,1004,5023,1.821,1175,5023,2.02976,1068,5020,2.07442,917,5020,1.74727,1218,5028,1.90946,1065,5023,7.23031,1047,5031,7.82728,968,5031,7.50732,1105,5030,7.44428,1054,5024,7.48121,1028,5029,7.39296,1032,5025,7.39861,1062,5026,7.48786,980,5025,7.37072,1031,5026,3.07112,1500,4990,2.83347,1494,4993,2.84744,1540,4992,2.73334,1556,4990,2.92415,1510,4996,2.82039,1466,4987,2.73848,1513,4998,2.72301,1487,4994,2.88484,1512,4995,2.75076,1618,5000,2.76858,1487,4992,2.79776,1631,4994
scenarioPRJP1.node[43].app,1.78586,1163,5018,1.94389,1111,5015,1.98131,1018,5026,2.02262,1216,5021,1.83442,986,5009,2.30588,947,5020,1.93063,1289,5027,2.01423,1090,5014,1.72598,1228,5019,2.20543,1053,5016,2.04842,1105,5020,1.86482,1260,5018,1.94148,1117,5020,7.34988,1078,5033,7.4262,1012,5043,7.87365,916,5036,7.22893,1062,5035,7.31374,1107,5040,7.4867,935,5039,7.34089,1177,5038,7.38662,1036,5036,7.5224,1076,5040,2.70423,1561,5023,2.84029,1660,5021,3.04529,1576,5017,2.72248,1572,5023,2.79324,1576,5019,2.82373,1523,5022,2.80719,1572,5016,2.72358,1592,5013,2.656,1661,5022,2.71763,1731,5021,2.95102,1558,5014,2.75403,1497,5016
scenarioPRJP1.node[63].app,2.0056,1041,5012,1.9478,990,5012,1.96661,1076,5008,1.93786,1194,5003,1.91677,1124,5010,1.87792,1100,4604,1.76807,1207,5002,1.93589,1190,5012,1.89986,1255,5009,1.82029,1171,5004,1.93121,1008,5010,1.84164,1264,5001,1.8283,1147,5013,7.40562,1007,5002,7.17256,1017,5007,7.69564,969,5003,7.38532,1058,5004,7.30662,1083,5001,7.65191,852,4606,7.45812,1110,4998,7.59179,1001,5008,7.30382,1070,5009,2.85729,1589,5020,2.87312,1576,5014,2.89946,1606,5018,2.94051,1594,5027,2.85604,1683,5021,2.61912,1616,4615,2.89036,1575,5020,2.82374,1723,5022,2.90064,1659,5022,2.82092,1683,5020,2.7252,1623,5018,2.7113,1653,5021
scenarioPRJP1.node[3].app,1.90787,987,4864,1.90839,1056,4857,2.2154,1076,5018,1.99187,1229,5019,1.89725,1150,5023,1.90827,1061,4371,1.74735,1187,5022,1.95684,947,5024,1.82927,1197,4863,2.1314,929,5018,1.90912,1201,4866,1.66591,1086,4374,1.86012,1086,5021,7.27812,1118,4870,7.32902,1001,4873,7.49075,1142,5038,7.4314,1110,5035,7.49097,1046,5031,7.30614,994,4386,7.57224,962,5032,7.3132,992,5031,7.30496,1058,4874,2.81632,1492,4863,2.77477,1485,4872,2.8554,1453,5027,2.83919,1505,5027,2.71247,1547,5010,2.77148,1364,4368,2.86033,1554,5021,2.80072,1583,4865,2.73851,1492,5020,2.83916,1548,5020,2.86609,1493,5025,2.89506,1454,4862
scenarioPRJP1.node[25].app,1.82392,1077,5038,1.84502,1064,5034,2.00914,984,5036,2.07551,884,5035,1.80259,1040,5036,2.11369,1020,5037,1.93301,1116,5041,2.03684,995,5042,1.62309,1092,5038,1.78688,1161,5036,1.92102,1025,5039,1.96066,1120,5040,1.92629,1059,5039,7.71666,974,5000,7.13038,1066,5003,7.78953,1002,4997,7.38903,953,5005,7.36615,1049,5000,7.2628,1093,5007,7.45344,1025,5009,7.45026,1057,5005,7.36057,1104,5011,2.7988,1474,5010,2.85645,1555,5010,2.95975,1593,5006,2.81045,1515,5005,2.83323,1557,5008,2.76511,1549,5012,2.88192,1538,5012,2.72493,1649,5007,2.76605,1671,5009,2.73734,1615,5013,2.85253,1502,5012,2.67266,1683,5006
scenarioPRJP1.node[44].app,1.95595,1140,5020,2.00627,1107,5027,2.13504,975,5026,1.8137,1015,5018,1.99272,1042,5020,1.88962,992,5020,1.72554,1279,5014,1.75267,1076,5017,1.69837,1212,5012,1.8657,1231,5014,1.80881,1057,5022,2.17953,889,5020,2.13285,1005,5022,7.48761,1035,5019,7.56641,969,5017,7.42913,1014,5022,7.51257,971,5018,7.47271,1075,5023,7.3691,971,5018,7.3681,1112,5014,7.38231,1006,5015,7.38045,1010,5019,2.80484,1546,5041,2.76245,1587,5037,2.93018,1559,5045,2.68247,1539,5044,2.71254,1558,5045,2.9055,1478,5036,2.81063,1504,5039,2.58035,1596,5037,3.05484,1518,5033,2.71176,1560,5042,2.61653,1662,5039,2.72372,1508,5037
scenarioPRJP1.node[64].app,1.79596,1034,4891,2.01496,1131,5024,1.955,1104,5022,1.8135,1154,4605,1.97758,1070,5022,2.05454,1082,5022,2.0742,1019,5019,1.99941,1092,5021,1.81299,1215,5020,2.01315,998,5026,1.92355,1071,5022,1.94042,1117,4589,1.80637,1172,5022,7.47801,966,4898,7.27159,1107,5031,7.38357,1125,5026,7.47256,850,4608,7.54586,972,5026,7.60768,1046,5022,7.18389,1084,5023,7.53053,1019,5023,7.33299,1024,5024,2.9241,1483,4873,2.67945,1607,5001,2.72502,1680,4997,2.76755,1488,4584,2.75062,1542,5001,2.88942,1489,5007,2.90357,1513,5003,2.75125,1511,4996,2.65592,1656,5003,2.81838,1572,5003,2.702,1744,4996,2.88647,1461,5004
scenarioPRJP1.node[4].app,2.08557,997,5015,1.65873,1192,5017,1.83919,1218,5022,2.24154,1083,5018,1.89539,1206,5023,1.93103,1165,5010,1.7156,1304,5027,2.26354,988,5022,1.82197,1098,5010,1.96802,1284,5021,2.06158,1003,5019,1.66385,1196,5012,1.68506,1228,5022,7.39037,1081,5013,7.33219,1120,5018,7.41816,1049,5013,7.15552,1074,5014,7.36041,1070,5018,7.19114,1164,5015,7.149,1172,5023,7.7403,955,5013,7.44445,1135,5018,2.92549,1540,5004,2.7272,1553,5011,2.83868,1569,5011,2.79731,1634,5008,2.91836,1624,5015,2.90461,1579,5011,2.89467,1557,5010,2.6878,1622,5008,3.10345,1558,5009,2.80473,1644,5002,2.85761,1649,5013,2.88473,1606,5005
scenarioPRJP1.node[26].app,1.8246,1071,5014,1.82104,1192,5015,2.19667,782,5011,1.91627,1136,5010,1.76667,1078,5009,2.47858,786,5006,1.83354,1079,5011,2.16519,932,5007,2.00417,1042,5016,2.08184,1052,5017,2.0569,1122,5005,1.72107,1173,5012,1.92044,1182,5006,7.4966,982,5010,7.45534,1048,5005,7.52826,1008,5010,7.21802,1052,5007,7.63694,948,5009,7.55463,1029,4999,7.6045,1001,5001,7.23676,1073,5005,7.36791,1022,4996,2.84792,1499,5017,2.7348,1613,5022,2.86129,1474,5022,2.96282,1534,5019,2.64568,1553,5013,2.79848,1514,5018,2.91454,1523,5020,2.927,1567,5017,2.81451,1596,5014,2.65361,1503,5012,2.81541,1579,5022,2.99285,1508,5021
scenarioPRJP1.node[45].app,2.39351,939,5016,1.8398,1194,5020,2.02866,1030,5014,2.20439,946,5012,2.06316,1004,5010,2.2877,927,5019,1.93556,1109,5022,2.18462,1027,5014,2.16271,975,5016,1.88507,1146,5010,2.31213,988,5016,1.9535,1172,5014,1.75587,1114,5014,7.19414,988,5032,7.24529,1148,5032,8.07484,987,5035,7.60024,970,5035,7.59857,1053,5035,7.43232,1094,5028,7.50021,1045,5030,7.54932,981,5034,7.44559,1125,5037,3.02314,1438,5026,2.63591,1623,5023,2.93706,1574,5028,2.88022,1501,5025,2.83999,1510,5025,2.79507,1519,5022,2.81351,1553,5029,2.98371,1529,5012,3.00725,1508,5023,2.86635,1495,5022,2.69091,1678,5027,2.80659,1402,5023
scenarioPRJP1.node[65].app,2.01191,1033,4997,1.89596,1043,4997,1.97283,1002,4993,1.83668,1039,5008,2.08219,1051,5001,1.95131,1060,4998,1.8652,1210,4991,2.08316,1046,4999,1.91593,1111,4996,1.89051,1030,5008,2.01713,994,5002,1.75461,1236,4998,2.05741,964,5000,7.73135,1037,5004,7.63443,1086,5018,7.30548,1187,5015,7.48119,1068,5012,7.51699,1021,5008,7.54399,1030,5015,7.51275,1151,5013,7.52102,1026,5008,7.37703,1094,5017,2.91612,1507,5028,2.78044,1547,5023,2.9866,1552,5023,2.8853,1623,5029,2.83801,1509,5032,2.82222,1502,5022,2.82485,1563,5024,2.95784,1492,5023,2.84207,1568,5027,3.07264,1473,5029,2.8051,1607,5020,2.79632,1569,5021
scenarioPRJP1.node[27].app,1.78862,1171,5019,1.83148,1167,5016,1.93672,1175,5013,2.02488,1106,5023,2.08536,958,5017,1.94241,1278,5021,2.12843,1018,5019,1.84246,1135,5018,1.71744,1217,5020,2.0125,1134,5019,2.0384,1129,5023,2.22156,1072,5017,1.74222,1066,5020,7.16846,1015,5021,7.4337,996,5022,8.05156,886,5023,7.34973,1108,5026,7.667,955,5016,7.75298,919,5025,7.39055,1034,5033,7.59423,1059,5022,7.76284,953,5021,2.8121,1574,5046,2.72233,1504,5044,3.05114,1443,5047,2.62738,1609,5045,2.70853,1468,5054,2.66863,1599,5054,2.95687,1535,5051,2.68271,1526,5051,2.88845,1521,5048,2.94076,1589,5053,2.85556,1565,5048,2.93872,1629,5050
scenarioPRJP1.node[46].app,1.96895,1028,5010,1.8908,1190,5012,1.90541,1107,5019,1.95114,1134,5016,1.97741,1054,5016,2.22039,1067,4562,1.87766,1217,5008,2.03472,857,5012,1.91273,1220,5000,1.78,1074,5016,2.00243,1008,5015,1.97148,1146,5013,2.04588,977,5008,7.2669,1134,5016,7.29727,1058,5014,7.66618,1083,5011,7.44565,994,5003,7.50998,1111,5012,7.57315,871,4572,7.3634,1133,5017,7.47812,1025,5016,7.4319,1072,5015,2.71513,1490,5006,2.99265,1618,5002,2.71044,1604,5002,2.92786,1514,5010,2.88856,1637,5006,2.81849,1423,4558,2.83944,1531,5001,2.85855,1520,5000,2.70569,1537,5004,2.92437,1554,5001,2.67454,1638,5000,2.81916,1609,5006
scenarioPRJP1.node[66].app,2.12604,1046,4989,2.18445,915,4997,1.91917,1065,4986,1.91093,1247,4985,1.87688,1098,4989,1.93416,1122,4983,1.8174,999,4556,1.79768,1206,4989,1.91506,1214,4985,2.0004,1136,4868,1.83884,1156,4817,1.71227,1312,4985,1.90493,1009,4995,7.56175,997,4998,7.34425,1051,5002,7.58238,1066,5002,7.65455,972,4992,7.79015,1024,5000,7.78291,945,4992,7.32424,1051,4573,7.48579,1016,5000,7.50158,1028,5003,2.86077,1606,4998,2.94073,1497,5000,2.87373,1514,4997,2.78153,1497,4996,2.87447,1510,4999,2.91376,1571,4996,2.90715,1556,5005,2.82357,1595,5003,2.74657,1640,5001,2.74332,1638,4998,2.69584,1583,5004,2.8063,1708,4995
scenarioPRJP1.node[6].app,2.00852,1139,5016,1.86692,1051,5014,1.85428,1090,5009,1.96901,1053,5008,1.88753,1066,5014,2.08013,1033,5012,1.82211,1125,5013,1.97198,1106,5009,1.88009,1157,5005,2.15929,1005,5011,2.35172,842,5015,1.85459,1124,5013,1.87517,1098,5010,7.50169,988,5022,7.5349,937,5027,7.4967,954,5018,7.5222,963,5021,7.84331,946,5024,7.75788,927,5025,7.5566,984,5023,7.56965,955,5018,7.7835,979,5014,2.73883,1525,5015,2.66024,1622,5010,2.77268,1535,5016,2.68003,1565,5019,2.62932,1557,5016,2.77243,1560,5012,2.85831,1550,5013,2.74509,1480,5013,2.88195,1548,5017,2.76472,1537,5019,2.88809,1521,5027,2.63793,1513,5012
scenarioPRJP1.node[28].app,1.881,1107,5019,1.77481,1131,5024,2.06231,957,5021,1.86804,1218,5029,2.0666,1013,5019,1.91982,1123,5023,1.73953,1285,5028,1.8291,1166,5022,1.91608,1139,5025,2.05802,1088,5027,1.8674,936,5022,2.04293,1291,5018,2.14786,940,5021,7.39706,1107,5014,7.18924,1019,5013,7.37088,1027,5013,7.57447,1096,5012,7.51653,1075,5009,7.405,1100,5018,7.71722,1085,5009,7.53293,989,5009,7.36262,1027,5008,2.71776,1666,5006,2.79484,1562,5009,2.89684,1534,5012,2.70205,1628,5005,2.79094,1643,5006,2.77998,1692,5006,2.73111,1707,5008,2.79352,1555,5006,2.71081,1642,5011,2.87743,1608,5014,2.87171,1539,5016,2.77142,1670,5005
scenarioPRJP1.node[59].app,1.93558,1146,5014,1.76909,1001,4616,2.0045,1040,5025,1.87737,1156,5021,1.97584,1079,5019,2.12615,1067,5022,1.81669,1190,5017,2.21896,1083,5018,1.71851,1182,5018,1.93327,1253,5014,2.04141,1087,5018,1.81696,1095,5029,1.85907,1030,4619,7.41559,1026,5011,7.50074,907,4606,7.55511,1043,5011,7.57171,1072,5001,7.76878,1013,5007,7.56254,1051,5007,7.38143,998,5007,7.39935,1020,5011,7.57919,1002,5012,2.77225,1614,5023,2.84757,1338,4620,2.98227,1561,5024,2.99993,1552,5027,2.93122,1519,5018,2.74981,1602,5015,2.84399,1494,5016,2.76259,1545,5031,2.74785,1597,5023,2.59092,1621,4726,2.90414,1499,5024,2.61893,1650,5029
scenarioPRJP1.node[72].app,1.70359,1076,4594,2.11514,1114,4994,1.76072,1193,4994,2.04011,1136,5001,1.86259,1122,4575,2.02122,1072,4990,1.76487,1240,4997,1.96206,1001,4997,1.83976,1212,4996,2.04953,1042,4992,2.04337,1084,4993,2.08311,1130,4995,1.87691,1252,4994,7.4017,983,4606,7.15375,1094,5000,7.2723,1111,5008,7.65095,1039,5003,7.49504,1085,4586,7.2177,1040,4999,7.57786,997,5003,7.56698,1069,5003,7.19054,1132,5005,2.81265,1477,4613,2.86526,1527,5015,2.96017,1594,5011,2.82311,1547,5013,2.8742,1457,4593,2.87398,1419,5019,2.83861,1598,5012,2.93624,1525,5016,2.74552,1644,5014,2.77921,1630,5012,2.8361,1546,5006,2.70719,1551,5016
scenarioPRJP1.node[7].app,2.02427,1072,5034,1.98106,1178,5034,2.21775,1048,5033,1.95517,1146,5039,1.91727,1149,5033,2.02368,1199,5031,2.15019,1061,5041,1.8635,1106,5034,1.87454,1026,5034,1.86906,1051,5036,1.96492,1045,5036,1.85346,1316,5039,1.86204,1229,5044,7.50513,1046,5017,7.47437,1066,5016,8.04735,918,5014,7.52954,1032,5017,7.48946,1033,5016,7.70411,958,5021,7.32221,1104,5018,7.67526,977,5024,7.21396,1104,5020,2.89112,1497,5026,2.83566,1642,5032,2.84241,1470,5025,2.87611,1519,5034,2.90645,1568,5025,2.65509,1548,5026,2.87259,1685,5022,2.97139,1630,5026,2.94852,1614,5025,2.93866,1493,5027,2.96118,1542,5020,2.91474,1578,5022
scenarioPRJP1.node[29].app,1.95041,1094,5042,1.85014,987,5041,1.8561,1145,5037,2.1443,991,5032,1.72749,1115,5034,2.10441,1161,5041,1.80777,997,5035,1.96258,1041,5037,1.9092,1187,5047,2.08102,1101,5032,2.03958,1059,5040,1.82212,1090,5041,1.90303,1144,5038,7.4404,1044,5013,7.54664,999,5008,7.69233,1028,5008,7.35969,1040,5013,7.43562,1122,5013,7.673,940,5015,7.41448,1078,5018,7.63269,1092,5007,7.29023,1111,5020,2.7856,1496,5021,2.70053,1567,5016,2.94129,1452,5021,2.96596,1488,5018,2.6499,1616,5018,2.82269,1518,5020,2.79952,1534,5016,2.71458,1616,5026,2.68133,1490,5018,2.74318,1543,5019,2.77055,1483,5018,2.85903,1398,5017
scenarioPRJP1.node[47].app,1.84308,1124,5018,2.016,1015,5016,1.8111,1168,5007,1.83109,1168,5008,1.87855,1105,5012,1.88575,1035,5016,1.82429,1252,5014,1.95307,1111,5019,1.72367,1322,5015,1.93223,1139,5006,1.97677,1211,5016,1.92708,1164,5015,1.92206,1067,5017,7.32653,1052,5006,7.27996,1034,5004,7.77763,1064,5005,7.29997,1077,5006,7.61898,947,5004,7.45133,961,5001,7.67644,942,5005,7.5217,1044,5006,7.50043,1038,5003,2.78254,1582,5028,2.87974,1487,5030,2.90282,1524,5023,2.83834,1473,5028,2.93635,1500,5020,2.74584,1465,5025,2.77746,1545,5025,2.71856,1611,5015,2.92524,1601,5026,2.92432,1555,5023,2.86915,1494,5027,2.92762,1510,5022
scenarioPRJP1.node[8].app,1.93274,1085,5018,1.93835,1124,5015,2.27425,1009,5014,2.00303,1039,5019,1.863,1110,5017,1.98263,1182,5009,1.9082,1201,5025,1.97437,983,5009,1.68028,1160,5014,1.90478,1186,5018,1.98145,1216,5015,1.86363,1108,5014,1.83942,1189,5011,7.42073,1109,5004,7.76128,985,5000,7.4505,1144,4997,7.19682,1062,5000,7.52646,1013,4998,7.32984,1030,4997,7.4296,1044,4997,7.55057,1139,5003,7.25212,1122,4998,2.92229,1546,4998,3.02714,1563,5000,2.9312,1632,4998,2.95026,1511,4995,2.87636,1504,4998,2.94723,1518,5000,2.95886,1535,5000,2.93294,1502,4998,3.02461,1489,4999,2.9002,1563,4999,2.85516,1496,5000,2.92981,1539,5004
scenarioPRJP1.node[30].app,1.90608,1081,5029,2.25598,938,5016,2.09003,1084,5020,1.8395,1066,5022,2.06249,923,5022,1.98626,1012,5022,2.15248,957,5010,2.11692,928,5024,1.98291,994,5021,2.04502,1087,5023,2.13584,1061,5020,1.90878,1083,5007,1.83264,1193,5024,7.63725,1038,5034,7.32785,1092,5034,7.5002,972,5032,7.39242,1085,5031,7.77427,1004,5037,7.14738,1115,5032,7.40192,1021,5032,7.39358,1013,5036,7.67456,954,5035,2.91188,1446,5013,2.66419,1605,5013,2.78157,1464,5011,2.82036,1455,5009,2.85781,1476,5008,2.88561,1442,5013,2.91001,1454,5010,2.9876,1504,5010,2.95314,1486,5006,3.09095,1551,5004,2.8297,1523,5010,2.97808,1509,5013
scenarioPRJP1.node[48].app,1.95201,1034,5032,1.85939,1129,5029,2.09252,1029,5027,1.92858,1105,5024,1.90151,1029,5031,2.06433,1061,5031,1.76224,1145,5020,1.99469,1028,5028,1.83306,1225,5022,2.05239,1035,5027,1.86968,1120,5030,2.15958,1006,5021,1.89863,1145,5031,7.64229,969,5017,7.19295,1071,5009,7.73886,946,5009,7.61035,984,5013,8.07879,854,5017,7.67913,989,5005,7.42047,1037,5016,7.91198,954,5020,7.56155,1046,5018,2.9797,1491,5036,2.87788,1530,5042,2.84141,1465,5039,2.80194,1505,5037,2.91027,1549,5031,2.98595,1548,5026,2.91447,1509,5037,2.86784,1602,5040,2.89826,1496,5037,2.70067,1443,5043,3.07491,1475,5035,2.8965,1545,5029
scenarioPRJP1.node[9].app,1.94456,1024,5018,1.84051,1157,5017,1.96694,1063,5015,2.32005,867,5016,2.0022,1018,5015,1.97005,1128,5017,1.99044,1111,5028,1.93112,1200,5016,1.781,1173,5019,1.8175,1047,5013,1.90257,1235,5016,1.83386,1038,5030,1.94676,1130,5007,7.71173,969,5029,7.56618,1042,5027,7.6564,1061,5032,7.45125,1003,5034,7.58704,1021,5030,7.41644,1056,5035,7.2472,1061,5040,7.17265,1086,5030,7.52997,966,5039,2.82105,1507,5015,2.75869,1498,5012,2.82273,1472,5012,2.71647,1545,5006,2.81278,1577,5015,2.79108,1502,5013,2.80412,1556,5016,2.7133,1514,5009,2.91573,1569,5016,2.82411,1583,5013,2.71564,1525,5008,2.84806,1545,5007
scenarioPRJP1.node[31].app,1.97482,968,5008,1.79593,1175,5012,2.00374,1018,5010,1.75459,1209,5008,1.77602,1034,5017,2.02801,1099,5011,1.7425,1271,5014,1.90677,1128,5010,1.71272,1244,5019,2.13461,964,5011,2.04423,1112,5011,1.9189,1143,5014,1.9478,1064,5007,7.29757,998,5032,7.3683,1016,5016,7.47343,995,5028,7.59097,1010,5030,7.18315,981,5028,7.34502,933,5031,7.34477,960,5028,7.44535,946,5034,7.32552,1081,5030,3.06428,1489,5022,2.83868,1500,5021,2.89826,1453,5025,2.78901,1526,5025,2.73546,1520,5018,2.99658,1537,5026,2.74342,1469,5027,2.78766,1525,5020,2.98569,1511,5025,2.98755,1480,5024,2.77156,1632,5017,2.67597,1536,5021
scenarioPRJP1.node[49].app,2.03144,1078,5011,1.96399,1073,5003,1.89328,1207,5007,1.96285,1030,5013,2.14356,995,5007,2.1267,1054,5008,1.94939,1058,5009,2.118,915,5006,2.07405,1127,5010,1.94383,1250,5014,2.10969,1078,5004,1.93265,1311,5009,2.0157,1072,5010,7.54522,998,5022,7.38932,1016,5026,7.78719,1013,5020,7.49243,946,5024,7.67938,987,5024,7.65855,999,5025,7.37244,1066,5024,7.5117,995,5016,7.27122,1049,5023,2.8301,1533,5008,2.84179,1550,5010,2.89699,1508,5001,2.92259,1473,5003,2.85957,1519,5004,2.8507,1599,5006,2.77756,1491,5003,2.85276,1503,5006,2.79657,1556,5004,3.02567,1539,5004,2.73889,1544,5010,2.90148,1514,4998
scenarioPRJP1.node[10].app,1.91259,1178,5009,1.83591,1083,5012,1.8003,1157,5014,2.11025,997,5011,1.84265,1189,5006,1.97304,1140,5023,1.72237,1234,5014,1.91424,1156,5007,1.8661,1251,5014,1.90056,1155,5013,1.91904,1189,5011,1.8318,1201,5018,1.79026,1000,5010,7.41837,1091,5007,7.25032,1142,5005,7.42116,987,5009,7.61051,1021,5010,7.42683,1107,5014,7.19082,1122,5014,7.17221,1104,5019,7.1137,1052,5007,7.45275,1081,5014,2.93203,1488,5027,2.84041,1588,5027,2.70654,1529,5024,2.91794,1581,5027,3.01277,1586,5026,2.71688,1538,5029,3.03767,1533,5029,2.83791,1601,5027,2.86992,1608,5030,2.99985,1515,5023,2.85292,1475,5025,2.84562,1521,5022
scenarioPRJP1.node[32].app,1.85468,1152,5008,1.89204,1102,5007,2.07273,1108,5008,1.90743,1174,5011,1.84383,1149,5010,2.09665,974,4998,1.92034,1078,5017,1.81274,1192,5006,1.77098,1124,5019,2.03802,1095,5008,1.95852,899,5005,1.82543,1244,5010,1.79538,1028,5010,7.45329,1037,5036,7.56558,1097,5036,7.71068,972,5034,7.61757,982,5035,7.41051,959,5029,7.30251,1052,5030,7.26008,1097,5037,7.41613,1077,5038,7.42103,900,5037,2.71999,1598,5027,2.7387,1500,5021,2.805,1584,5023,2.98466,1571,5026,2.80814,1580,5020,2.83132,1582,5024,2.95749,1467,5021,3.10505,1479,5026,2.74254,1607,5022,2.77345,1534,5021,2.67956,1612,5028,2.95143,1481,5024
scenarioPRJP1.node[50].app,2.19247,980,5009,1.91549,1066,5010,1.84766,1142,5012,1.90399,997,5005,1.94452,1000,5008,2.18566,987,5010,2.02699,1033,5011,1.94796,1103,5013,1.87082,930,5012,2.15525,1086,5010,1.98453,1050,5013,1.93745,1109,5003,1.80426,1131,5012,7.28832,1028,5019,7.09256,1038,5016,7.43977,1064,5023,7.50509,1025,5021,7.62965,1055,5025,7.33536,1148,5026,7.61231,1057,5025,7.42652,1076,5023,7.62288,970,5020,2.94207,1595,5033,2.82634,1550,5034,2.90418,1518,5028,2.99615,1574,5031,2.84833,1547,5032,2.75512,1609,5031,2.91926,1593,5028,2.88813,1496,5040,3.09913,1536,5028,2.79827,1496,5038,2.89044,1520,5029,3.09316,1553,5031
scenarioPRJP1.node[11].app,1.84546,1032,5023,1.93198,1019,5016,2.00537,1174,5023,1.97412,1134,5023,2.19142,977,5019,2.17556,1007,5019,1.90327,1145,5024,2.2238,959,5023,1.79372,1266,5015,1.99846,1157,5019,2.25385,879,5019,1.91567,1089,5028,1.85448,1181,5018,7.45961,1013,5004,7.71072,1025,5002,7.29495,1065,5003,7.74198,980,5003,7.40152,1120,4997,7.45441,1002,5007,7.49089,1010,4997,7.54398,1012,4999,7.69274,979,4993,2.94337,1529,5033,2.76547,1520,5032,2.85829,1557,5030,2.72913,1542,5028,2.79842,1480,5033,2.57857,1580,5032,2.84609,1525,5028,2.84331,1569,5029,2.90286,1655,5033,2.75804,1584,5029,2.78243,1746,5025,2.78409,1557,5027
scenarioPRJP1.node[33].app,1.95477,1055,5013,1.89437,1130,5009,1.84883,1152,5013,2.34604,941,5009,1.91499,986,5011,1.98105,1110,5014,1.93176,1188,5011,2.1195,1096,5012,1.99496,1114,5010,2.16872,1042,5012,2.10145,1182,5010,2.14306,1113,5011,1.92985,1097,5008,7.32353,1047,4999,7.18135,998,5001,7.60518,980,5000,7.29891,926,5003,7.32616,1075,5003,7.2908,1090,4999,7.56904,1098,5011,7.98268,928,5005,7.76889,961,4998,3.02213,1526,5015,3.00681,1498,5014,2.9687,1581,5015,3.13463,1484,5014,2.87716,1616,5012,2.78439,1579,5010,2.84546,1619,5014,2.81295,1670,5019,2.93377,1476,5017,2.92058,1614,5015,2.75966,1543,5009,3.05836,1507,5017
scenarioPRJP1.node[51].app,1.94439,1027,5037,1.9154,1072,5034,1.82973,1253,5034,1.91337,1213,5033,2.08596,1014,5033,1.95788,1106,4633,1.75667,1229,5034,1.85513,1152,5027,1.71574,1275,5031,2.03646,1204,5034,2.21293,1007,5026,1.68899,1298,5032,2.0513,1111,5032,7.41808,1049,5022,7.42487,1082,5023,7.84285,960,5022,7.68354,1025,5026,7.08038,1095,5022,7.5524,965,4614,7.2832,1111,5021,7.17374,1073,5025,7.57537,1039,5021,3.04991,1523,5057,2.81143,1549,5052,2.86782,1518,5047,2.84207,1572,5047,2.77933,1528,5053,2.93,1374,4649,2.92102,1527,5054,2.77835,1506,5049,2.86766,1565,5052,2.80289,1563,5048,3.05668,1427,5052,2.72373,1498,5052
scenarioPRJP1.node[12].app,1.88416,1078,5016,1.82304,1110,5015,1.83262,1282,5016,1.98897,1029,5016,1.91168,1146,5017,2.03879,988,5023,2.01955,1019,5019,2.22405,1028,5015,1.81874,1212,5014,2.07583,1043,5016,2.10015,1067,5016,1.72282,1249,5012,1.65437,1225,5013,7.7445,947,5005,7.1879,1022,4999,7.38312,1053,5005,7.27948,1117,5009,7.3167,1048,4997,7.2537,963,5001,7.47674,1034,5002,7.484,1024,5007,7.4522,1031,5002,2.78828,1572,4995,2.84518,1599,4996,2.81169,1552,4999,2.85394,1689,4997,2.89463,1676,4998,2.83255,1569,5006,2.98427,1556,5002,2.69226,1621,5009,2.83206,1556,5001,2.90021,1599,4999,2.89497,1502,5006,2.84345,1566,5007
scenarioPRJP1.node[20].app,1.86008,1047,5031,1.94956,1056,5033,2.01177,1089,5035,1.92352,1030,5033,1.95722,1094,5032,2.27608,957,5037,1.88936,1045,5035,2.21763,920,5036,1.87088,1208,5028,1.9177,1192,5030,2.0828,1094,5039,1.81976,1284,5034,1.95022,1040,5027,7.44342,1046,5023,7.48871,967,5030,7.57399,1152,5025,7.49127,1096,5028,7.48119,974,5027,7.33912,1046,5034,7.60124,993,5032,7.72578,990,5030,7.47843,1079,5038,2.96484,1530,5011,2.96717,1512,5012,2.68421,1682,5011,2.83129,1585,5005,2.86706,1485,5008,2.96539,1540,5003,3.03855,1529,5008,2.85154,1598,5010,2.86202,1650,5007,3.10427,1457,5007,2.75813,1583,5009,2.82848,1567,5006
scenarioPRJP1.node[52].app,1.99106,1123,5003,1.866,1063,5008,1.88671,1208,5009,1.87744,1231,5011,2.13344,1165,5011,2.16988,1042,5009,1.8206,1220,5007,2.07479,1214,5014,1.7819,1236,5011,1.89462,1162,5012,1.89883,1170,5013,1.82045,1260,5015,1.87708,1319,5010,7.16468,1104,5009,7.57788,937,5010,7.58581,983,5009,7.96703,984,5014,7.51148,995,5010,7.32819,1089,5015,7.35807,1058,5012,7.48389,1017,5009,7.24456,1010,5011,2.80066,1594,5013,2.70044,1522,5006,2.98023,1499,5016,2.73138,1560,5013,2.91933,1552,5015,2.7887,1531,5009,2.84969,1531,5010,2.73858,1550,5012,2.95957,1490,5012,2.87568,1552,5017,2.78607,1511,5010,3.07899,1497,5010
scenarioPRJP1.node[13].app,2.16456,997,5003,1.98254,1120,5005,1.90016,1207,5000,1.94539,1128,5009,2.15391,973,5009,1.83445,1146,5009,1.94772,1208,4998,1.8073,1229,5005,1.6644,1228,5003,2.02538,1143,5008,1.76898,1054,5002,1.89349,1271,5007,1.81464,1223,5005,7.49418,1060,5012,7.36286,1071,5011,7.48253,952,5008,7.34254,1003,5013,7.28966,982,5002,7.40813,1049,5018,7.60669,1045,5009,7.52859,1055,5013,7.70034,1052,5013,2.86628,1532,5032,2.88042,1528,5032,2.9298,1520,5037,2.87203,1531,5034,2.93383,1568,5039,2.83614,1538,5035,2.9047,1570,5038,2.97983,1491,5024,2.83804,1531,5029,2.81362,1482,5037,2.78118,1628,5038,2.93112,1589,5037
scenarioPRJP1.node[53].app,1.75217,1157,5016,1.93782,1165,5015,1.89364,1087,5010,1.9875,1070,4616,1.89265,1152,5015,1.8954,1242,5005,1.70905,1287,5014,1.74655,1157,5011,1.89833,1319,5011,1.81673,1069,5015,2.06599,992,5010,1.87222,1218,4986,1.80114,1191,4985,7.48174,1053,5049,7.55412,974,5042,7.70778,1005,5039,7.17001,1034,4643,7.28574,1142,5042,7.23837,1176,5046,7.70251,1040,5041,7.61434,1007,5045,7.35107,1078,5043,2.81833,1639,5009,2.87919,1535,5012,3.01579,1592,5008,2.93755,1433,4610,2.71939,1588,5009,2.62881,1632,5019,2.74054,1584,5010,2.83547,1604,5014,2.83788,1578,5009,3.18007,1431,5011,2.78746,1504,5010,2.77816,1475,5011
scenarioPRJP1.node[68].app,1.77198,1152,5022,1.73547,1108,4602,2.02888,1075,5021,1.94366,954,5015,1.91703,920,5016,2.35125,977,5008,1.86989,987,5014,1.98456,1096,5019,1.65693,1237,5016,1.84104,1099,5019,1.99155,1103,5016,2.25646,1010,5019,1.99613,991,5020,7.29224,1071,5035,7.40309,968,4607,7.37758,1092,5023,7.52208,917,5026,7.2634,1025,5021,7.3221,1084,5014,7.76799,971,5027,7.55885,1004,5029,7.36306,1104,5028,2.847,1489,5020,2.93263,1485,4604,2.80679,1636,5022,2.98345,1574,5020,2.99805,1486,5018,2.79777,1602,5018,2.86014,1452,5019,2.83559,1714,5024,2.84829,1510,5019,2.95418,1572,5015,2.84565,1568,5019,2.95921,1406,5020
scenarioPRJP1.node[14].app,2.04263,1012,5000,1.88975,1049,4997,2.01778,1020,5005,1.92168,980,5001,1.71493,1031,5004,2.0594,853,5001,1.80215,1088,4999,1.92782,1061,5004,1.81821,1191,5004,2.12802,905,4996,1.97644,992,5005,1.88205,1235,5003,1.86879,1165,5000,7.93349,984,5007,7.66138,1006,5013,7.82135,968,5008,7.40557,936,5008,7.68724,992,5007,7.43745,980,5006,7.51857,1015,5009,7.59574,1008,5000,7.78294,884,5016,2.83163,1637,5030,2.80943,1600,5021,2.71724,1520,5020,2.635,1520,5024,2.80877,1591,5028,2.73239,1570,5020,2.7897,1627,5025,2.52073,1557,5020,2.78625,1609,5022,2.6887,1661,5022,2.90328,1592,5026,2.77848,1579,5021
scenarioPRJP1.node[35].app,1.91882,1196,5006,1.98997,1064,5004,2.06821,1166,5011,1.86636,1139,5004,1.95106,962,5000,2.01072,1181,5011,1.82527,1115,5012,2.02352,1107,5000,1.98774,1170,5009,2.05167,1079,5002,1.96445,1030,5002,1.83689,1179,5014,2.09693,871,5004,7.0025,1090,5013,7.10535,1101,5010,7.62138,1087,5017,7.26381,948,5015,7.4577,956,5021,7.31848,963,5015,7.71044,982,5007,7.42143,1054,5018,7.51084,1033,5012,2.87682,1551,5023,2.9323,1456,5022,2.91595,1521,5023,2.83757,1536,5030,2.84594,1455,5017,2.81406,1532,5027,2.79493,1597,5022,3.00402,1569,5021,2.82605,1594,5020,2.87763,1469,5020,2.88379,1598,5020,2.92617,1468,5019
scenarioPRJP1.node[69].app,1.97395,1082,4993,1.76344,1167,4996,1.98515,1131,4996,1.85153,1224,4998,1.98058,1177,4994,2.11991,1030,4998,2.17095,1078,4999,1.85149,1159,4995,1.85614,1139,5001,2.11638,1208,5006,2.25206,925,4999,1.83786,1106,4990,2.16798,944,4998,7.84111,955,5026,7.2513,1094,5024,7.40818,1009,5019,7.4139,924,5021,7.62377,1148,5028,7.47073,1083,5009,7.27023,1009,5022,7.42317,1013,5024,7.33696,1053,5018,2.85683,1415,5015,2.79766,1627,5013,2.89178,1500,5014,2.85221,1543,5010,2.79838,1622,5010,2.82808,1568,5015,2.92878,1509,5014,2.75489,1486,5013,2.85488,1586,5009,2.92407,1531,5010,2.84939,1542,5019,2.9756,1477,4975
scenarioPRJP1.node[15].app,2.04574,1094,4977,2.07908,1009,4982,1.90624,1115,4980,1.81158,1220,4979,1.99648,1097,4981,2.03979,1027,4979,2.03037,1152,4990,1.98358,1117,4983,1.81213,1262,4978,1.97088,1143,4978,2.023,1065,4986,2.11141,1098,4983,1.8607,1101,4981,7.23513,1105,5028,7.34971,942,5027,7.46546,1016,5034,7.23982,1057,5027,7.20711,994,5033,7.48638,993,5025,7.40596,985,5026,7.44386,1037,5023,7.83565,956,5028,2.89073,1580,5017,2.99098,1452,5024,2.79901,1532,5025,2.78835,1522,5019,2.94204,1454,5021,2.80274,1545,5022,2.93143,1556,5024,2.89413,1594,5027,2.89693,1499,5020,2.89063,1559,5029,2.93511,1513,5019,3.03268,1573,5023
scenarioPRJP1.node[21].app,2.18607,1030,5003,1.99103,1159,5012,2.05425,1134,4999,2.09862,971,5013,1.82647,1091,5002,1.9929,1034,5010,1.88174,1084,5010,1.97524,1222,5007,1.8421,1106,5012,1.99045,1095,5007,1.99417,1124,5003,1.85726,1175,5008,1.86419,1160,5008,7.36387,1088,5018,7.56259,1072,5016,7.32947,1082,5018,7.68654,1003,5020,7.24705,1053,5024,7.49343,988,5022,7.66455,975,5017,7.40433,1004,5023,7.37639,1036,5015,3.01493,1505,5042,2.80454,1519,5041,2.94568,1563,5043,2.84216,1529,5042,2.92922,1444,5042,3.00575,1485,5043,2.90116,1424,5035,2.73976,1478,5044,2.92914,1576,5040,2.94842,1443,5038,2.91629,1572,5044,2.84431,1512,5045
scenarioPRJP1.node[40].app,2.34024,840,5010,1.93725,1150,5007,2.01362,1172,5006,1.92008,1161,5001,2.04851,1062,5005,1.94548,1087,5002,1.98601,1116,5004,1.96301,1007,5005,1.69819,1162,5003,2.05694,1122,5001,1.91829,1114,5004,1.89397,1075,5005,1.82298,1076,5003,7.39527,1040,5034,7.41305,1067,5034,7.57353,1053,5033,7.17846,1045,5032,7.54585,988,5027,7.58698,1053,5032,7.32459,985,5024,7.68074,1047,5034,7.60323,1058,5024,2.79002,1641,5018,2.9415,1454,5014,2.76928,1519,5019,2.83921,1572,5017,2.79334,1591,5014,2.76575,1588,5018,2.90414,1589,5014,2.88302,1524,5018,2.7847,1576,5014,2.70903,1565,5015,2.91802,1612,5017,2.72915,1704,5015
scenarioPRJP1.node[60].app,1.87739,1011,5005,1.80475,1126,5001,1.81125,1102,4586,1.84015,1110,5011,1.75487,1037,5007,1.86276,1064,5007,1.84216,1097,4997,1.74468,1219,4998,1.7565,1037,5006,1.96788,1061,5007,1.93502,1228,4999,1.69105,1125,5009,1.71701,1069,5003,7.46761,1050,5015,7.75918,1037,5010,7.2931,1011,4601,7.43964,1078,5019,7.46443,1152,5013,7.50281,1057,5013,7.54695,1072,5023,7.40036,1104,5011,7.47284,1023,5028,2.88435,1569,5023,2.69839,1495,5021,2.9934,1440,4608,2.70774,1584,5026,2.77639,1639,5023,2.78729,1498,5027,2.78428,1529,5023,2.73922,1581,5029,2.93745,1512,4904,2.92268,1468,5029,2.71346,1583,5021,2.58481,1505,4635
scenarioPRJP1.node[16].app,1.98435,1036,5021,1.89866,1106,5028,2.00123,1101,5030,1.94361,1186,5030,1.9777,1076,5032,1.9504,1107,5026,1.8045,1277,5023,1.83653,1130,5032,1.89444,1182,5023,1.86097,1100,5035,1.78936,1204,5028,1.75705,1226,5022,1.80925,1135,5027,7.61609,949,5022,7.72285,983,5026,7.30509,1063,5024,7.29876,1110,5027,7.59723,953,5028,7.32898,1100,5026,7.38755,1048,5026,7.33701,1109,5028,7.68789,986,5022,2.77908,1541,5041,2.8302,1506,5041,2.78566,1550,5040,2.67841,1528,5041,2.95165,1419,5045,2.87092,1467,5040,2.90031,1592,5041,2.85358,1491,5046,2.90115,1506,5044,2.79415,1531,5038,2.82301,1423,5036,2.88119,1442,5039
scenarioPRJP1.node[36].app,1.76032,1164,5018,2.04144,955,5022,1.83481,1074,5015,1.80407,1155,5017,1.87782,1214,5022,1.89212,1235,5016,1.88385,1246,5017,1.91678,1043,5027,1.5724,1143,5019,1.89666,1281,5015,2.00816,1001,5022,1.88744,1169,5017,1.72517,1191,5021,7.42552,1053,5043,7.40348,984,5039,7.71318,956,5036,7.66504,913,5040,7.3512,1037,5046,7.41858,1068,5034,7.28896,1059,5043,7.44333,1103,5045,7.68452,1096,5050,2.73148,1570,5001,2.73281,1543,5004,2.79593,1544,5001,2.79885,1524,5003,2.81323,1532,5001,2.76695,1432,5006,2.84222,1531,4997,2.6847,1532,5014,2.91719,1492,5005,2.79579,1574,5003,2.95615,1428,5008,2.64532,1651,5009
scenarioPRJP1.node[17].app,1.83357,1126,5016,1.89292,1153,5018,2.04937,1073,5026,1.91617,1157,5029,1.85463,1154,5022,1.90194,1115,5009,1.76069,1169,5016,1.87024,1144,5022,1.84251,1080,5026,2.02088,1097,5023,1.98036,1046,5022,1.89098,1318,5020,1.78143,1139,5020,7.19727,1198,5023,7.43511,1118,5022,7.22413,1125,5026,7.38483,1184,5017,7.43172,1018,5023,7.34977,1135,5022,7.34794,1201,5022,7.13522,1182,5023,7.31964,1131,5019,2.7655,1666,5009,2.74612,1671,5009,2.77581,1755,5004,2.85591,1654,5009,2.99476,1694,5014,2.69399,1559,5013,2.85277,1677,5015,2.82308,1674,5016,2.81757,1655,5006,2.69377,1710,5003,2.8466,1663,5002,2.67365,1538,5010
scenarioPRJP1.node[37].app,1.91909,1097,5022,1.72887,1096,5015,1.98766,982,5012,1.96022,1177,5015,1.95995,1015,5018,1.83061,1087,5018,2.06434,1121,5013,1.94522,1181,5009,1.73808,1170,5016,1.88475,1248,5018,1.83351,1116,5012,1.86017,1109,5020,1.92995,1033,5018,7.46245,1045,5005,7.42166,1068,5006,7.17732,953,5004,7.09676,1032,5006,7.44169,1073,5003,7.27324,1028,5005,7.29829,986,5009,7.54097,1021,5005,7.26644,1073,5007,2.99497,1452,5006,2.7912,1546,5007,2.86618,1485,5007,2.87913,1531,5010,2.89246,1472,5010,2.61321,1472,5011,2.98744,1589,5003,2.71631,1574,5004,2.93692,1467,5005,2.8611,1608,5007,2.97926,1553,5002,2.72543,1658,5008
scenarioPRJP1.node[56].app,2.02147,925,5004,2.40635,875,4997,1.90103,982,4999,1.92,1156,5000,1.94459,984,4841,2.02422,1107,5002,1.8417,1335,5005,1.85975,1110,5001,1.90462,1208,5017,1.81371,1133,4998,1.89046,1074,4998,1.83651,1179,5005,1.7848,1085,5007,7.19152,1025,5013,7.57394,1003,5013,7.46769,1003,5011,7.33218,1058,5007,7.69725,1050,4842,7.70078,1013,5016,7.26563,1109,5021,7.83353,946,5011,7.26678,1036,5020,2.86886,1565,5005,2.92351,1447,5010,2.73026,1461,5001,2.7792,1582,5007,2.76627,1489,4848,2.85862,1575,5007,2.84071,1523,5011,2.93648,1471,5002,2.76174,1662,5011,2.8057,1623,5002,2.74826,1502,5010,2.87145,1476,5009
scenarioPRJP1.node[73].app,1.81432,1194,5024,2.03152,1069,5025,1.92122,1120,5018,1.89138,1038,5020,1.82331,1156,5020,1.86459,1044,5019,1.94754,1119,5011,1.97949,1161,5023,1.76742,1167,5017,1.95335,1156,5023,2.0106,1143,5024,1.8318,1129,5023,1.81371,1056,5016,7.5643,1012,5009,7.10556,1092,5007,7.46419,1105,5014,7.33411,1095,5011,7.44505,1161,5012,7.27676,1047,5007,7.53837,1137,5008,7.50736,1099,5009,7.72567,997,5008,2.99704,1621,5011,3.08697,1527,5012,2.79133,1675,5016,2.7192,1608,5017,2.6156,1610,5014,2.83119,1580,5013,2.95104,1584,5017,2.85927,1645,5023,2.74992,1606,4634,2.67241,1525,4596,2.68106,1716,5018,2.66115,1729,5013
scenarioPRJP1.node[18].app,1.90873,1073,5023,1.849,1131,5027,1.83934,1024,5029,1.96788,1156,5030,1.78028,1073,5021,1.91453,1045,5016,1.76961,1178,5023,2.12663,1054,5024,1.61038,1328,5023,2.01178,1055,5029,2.01562,1046,5025,1.81419,1176,5029,1.72106,1231,5023,7.51745,1093,5013,7.39028,1066,5015,7.17635,1123,5009,7.53695,1015,5018,7.50597,1136,5015,7.25633,1132,5022,7.57266,990,5014,7.516,1121,5009,7.08411,1144,5011,2.84269,1572,5017,2.68788,1493,5013,2.84597,1552,5020,2.85813,1629,5013,2.79593,1502,5017,2.72235,1626,5010,2.78758,1559,5015,2.74319,1537,5016,2.8064,1575,5019,2.74857,1534,5012,2.85806,1618,5015,2.75775,1599,5017
scenarioPRJP1.node[38].app,2.03263,1086,5001,1.88894,1058,5004,1.90669,1050,5006,2.0866,1108,5010,1.91726,993,5011,2.0142,967,4996,1.98544,1120,5005,1.92264,1169,5009,2.0403,1073,5003,1.98013,1090,5006,1.97688,1064,5007,2.08423,1087,5002,1.74486,1228,5002,7.16233,1075,5011,7.56302,923,5003,7.54137,1031,5016,7.86358,944,5004,7.19857,1061,5006,7.23661,1104,5012,7.64305,1080,5008,7.20757,1032,5007,7.60413,990,5007,2.68664,1481,5019,2.54715,1490,5017,2.91291,1494,5015,2.77439,1516,5018,2.75244,1506,5014,2.97066,1443,5015,2.91949,1459,5018,2.72772,1454,5013,3.00037,1487,5028,2.61286,1586,5019,2.77158,1663,5018,2.71073,1621,5024
scenarioPRJP1.node[19].app,1.91806,1118,5014,1.9959,1149,5015,1.9291,1164,5014,1.90877,1239,5010,1.91371,1062,5009,1.92896,1005,5002,2.00406,1104,5007,1.96255,1108,5012,1.91063,1201,5004,2.07223,1066,5003,1.94232,1129,5007,2.07926,1108,5008,1.88049,1071,5011,7.20482,1098,5033,7.71733,1058,5038,7.50578,984,5035,7.29483,1110,5030,8.01973,881,5033,7.54236,1002,5034,7.41785,1057,5027,7.56612,1022,5039,7.8723,980,5034,2.94923,1486,5017,2.91578,1499,5010,2.83425,1507,5014,2.91377,1437,5016,2.86581,1507,5013,2.73736,1555,5007,3.21922,1542,5017,2.8621,1549,5010,3.08454,1505,5015,2.95951,1425,5011,2.97214,1372,5016,2.92252,1553,5018
scenarioPRJP1.node[39].app,2.15443,1038,5017,2.11515,1083,5013,1.92755,1114,5014,2.16451,1104,5010,1.92987,1074,5016,2.12876,936,5018,1.93261,1099,5011,2.22164,952,5017,1.6354,1100,5014,2.04466,1123,5010,1.97147,1041,5017,2.0615,959,5012,1.96382,1135,5012,7.55087,1093,5019,7.28659,1109,5013,7.40112,1049,5020,7.06609,1051,5017,7.40677,1007,5023,7.26856,1027,5019,7.35358,1176,5017,7.58987,981,5014,7.76621,1097,5013,3.06667,1535,5003,3.0718,1579,5013,2.75607,1634,5000,2.88442,1506,5011,2.79595,1504,5010,2.79595,1503,5006,3.01696,1446,5002,2.5841,1637,5009,2.80775,1510,5004,2.97747,1535,5006,2.9344,1592,5004,2.7492,1637,5009
scenarioPRJP1.node[58].app,1.85004,1119,5045,1.77314,1093,5040,1.95152,1180,5042,1.71093,1261,5036,1.85759,1215,5040,2.05848,951,5039,1.89591,1205,5043,1.7904,1150,5040,1.97437,1102,5035,1.9636,1291,5048,2.08937,1022,5040,1.74733,1115,5040,1.77465,1137,5045,7.31647,1131,5028,7.46328,1016,5022,7.83817,1043,5026,7.52224,1096,5028,7.45963,1033,5030,7.37508,1017,5025,7.18365,1087,5028,7.2209,1062,5023,7.56864,1037,5021,2.98393,1590,5027,2.70502,1580,5029,2.88713,1520,5030,2.69834,1549,5031,2.81309,1483,5022,2.68059,1585,5035,3.04431,1515,5021,2.69784,1617,5027,2.59786,1719,5028,2.88958,1550,5027,2.84956,1523,5028,2.72115,1648,5027
scenarioPRJP1.node[71].app,1.95949,1009,5022,1.84202,1109,5025,1.9455,1171,5027,1.77676,1276,5019,1.99677,1074,5023,2.03716,1112,5021,1.90255,1235,5022,2.15714,1128,5021,2.07162,990,4989,1.80571,1179,5024,2.08373,1055,5020,1.86762,1325,5022,1.93574,1206,5028,7.20078,1043,5011,7.59957,1041,5014,7.75749,979,5019,7.61224,1121,5011,7.52057,1082,5010,7.49035,1008,5015,7.79217,1019,5010,7.37696,1127,5006,7.4087,1039,4981,2.93617,1514,5010,3.00921,1525,5014,2.77012,1627,5014,2.70373,1693,5005,3.04392,1629,5013,2.88986,1571,5012,2.9261,1698,5009,2.79818,1428,4978,2.75431,1747,5009,2.79714,1506,5014,2.75792,1576,5017,2.87589,1694,5015
